Diameter,Shell_weight,Class
0.265,0.07,negative
0.255,0.055,negative
0.3,0.12,negative
0.415,0.33,negative
0.365,0.15,negative
0.425,0.26,negative
0.37,0.165,negative
0.44,0.32,positive
0.38,0.21,negative
0.35,0.135,negative
0.42,0.21,negative
0.365,0.155,negative
0.38,0.19,negative
0.405,0.205,negative
0.355,0.185,negative
0.4,0.24,negative
0.28,0.115,negative
0.34,0.13,negative
0.295,0.1,negative
0.32,0.115,negative
0.28,0.075,negative
0.44,0.27,negative
0.44,0.3,negative
0.45,0.285,negative
0.275,0.085,negative
0.445,0.28,negative
0.415,0.2,negative
0.48,0.305,negative
0.47,0.33,negative
0.475,0.295,negative
0.425,0.2,negative
0.56,0.46,negative
0.525,0.35,negative
0.55,0.455,positive
0.355,0.125,negative
0.475,0.34,negative
0.29,0.09,negative
0.355,0.145,negative
0.445,0.26,negative
0.335,0.115,negative
0.425,0.27,negative
0.55,0.49,negative
0.175,0.02,negative
0.15,0.012,negative
0.375,0.15,negative
0.245,0.045,negative
0.425,0.245,negative
0.41,0.19,negative
0.32,0.1,negative
0.36,0.16,negative
0.36,0.15,negative
0.31,0.11,negative
0.15,0.015,negative
0.4,0.22,negative
0.35,0.135,negative
0.295,0.075,negative
0.37,0.14,negative
0.385,0.17,negative
0.19,0.025,negative
0.4,0.175,negative
0.345,0.135,negative
0.41,0.2,negative
0.405,0.175,negative
0.325,0.1,negative
0.4,0.185,negative
0.355,0.135,negative
0.44,0.32,negative
0.495,0.485,negative
0.39,0.17,negative
0.235,0.045,negative
0.32,0.1,negative
0.425,0.275,negative
0.475,0.425,negative
0.48,0.38,negative
0.45,0.315,negative
0.475,0.28,negative
0.475,0.315,negative
0.445,0.285,negative
0.47,0.305,negative
0.425,0.285,negative
0.51,0.675,negative
0.45,0.36,negative
0.475,0.345,negative
0.425,0.32,negative
0.465,0.4,negative
0.475,0.58,negative
0.355,0.165,negative
0.465,0.44,negative
0.44,0.26,negative
0.45,0.33,negative
0.465,0.39,negative
0.425,0.255,negative
0.44,0.26,negative
0.495,0.39,negative
0.56,0.485,negative
0.535,0.48,negative
0.435,0.25,negative
0.375,0.145,negative
0.37,0.165,negative
0.375,0.155,negative
0.435,0.255,negative
0.265,0.075,negative
0.435,0.335,negative
0.415,0.205,negative
0.47,0.345,negative
0.39,0.2,negative
0.395,0.13,negative
0.395,0.155,negative
0.36,0.175,negative
0.32,0.105,negative
0.41,0.235,negative
0.43,0.28,negative
0.4,0.22,negative
0.35,0.165,negative
0.41,0.21,negative
0.415,0.18,negative
0.375,0.22,negative
0.43,0.31,negative
0.34,0.165,negative
0.305,0.085,negative
0.365,0.14,negative
0.295,0.085,negative
0.425,0.255,negative
0.265,0.07,negative
0.28,0.07,negative
0.275,0.07,negative
0.195,0.03,negative
0.29,0.08,negative
0.35,0.129,negative
0.26,0.062,negative
0.54,0.78,negative
0.535,0.54,positive
0.48,0.41,negative
0.26,0.068,negative
0.33,0.1355,negative
0.2,0.028,negative
0.23,0.048,negative
0.445,0.2475,negative
0.255,0.063,negative
0.325,0.117,negative
0.285,0.0925,negative
0.45,0.2665,negative
0.52,0.4465,negative
0.455,0.2425,negative
0.375,0.17,negative
0.38,0.174,negative
0.35,0.1565,negative
0.205,0.042,negative
0.13,0.0125,negative
0.13,0.01,negative
0.475,0.325,negative
0.5,0.335,negative
0.515,0.45,negative
0.485,0.355,negative
0.45,0.31,negative
0.405,0.21,negative
0.46,0.34,negative
0.455,0.285,negative
0.485,0.635,negative
0.46,0.44,negative
0.465,0.34,negative
0.485,0.28,negative
0.485,0.345,negative
0.57,0.725,negative
0.56,1.005,negative
0.575,0.85,negative
0.545,0.815,negative
0.57,0.65,negative
0.56,0.76,negative
0.55,0.59,negative
0.515,0.62,negative
0.395,0.255,negative
0.435,0.285,negative
0.16,0.015,negative
0.405,0.22,negative
0.26,0.075,negative
0.21,0.035,negative
0.245,0.05,negative
0.16,0.015,negative
0.475,0.35,negative
0.48,0.295,negative
0.51,0.57,negative
0.45,0.3,negative
0.475,0.325,negative
0.51,0.46,negative
0.49,0.355,negative
0.48,0.285,negative
0.5,0.38,negative
0.48,0.315,negative
0.46,0.29,negative
0.48,0.325,negative
0.485,0.36,negative
0.45,0.36,negative
0.275,0.15,negative
0.4,0.195,negative
0.405,0.245,negative
0.41,0.21,negative
0.5,0.465,negative
0.45,0.26,negative
0.46,0.285,negative
0.345,0.135,negative
0.4,0.285,negative
0.4,0.23,negative
0.435,0.275,negative
0.335,0.12,negative
0.34,0.16,negative
0.3,0.12,negative
0.34,0.12,negative
0.415,0.31,negative
0.28,0.08,negative
0.365,0.22,negative
0.325,0.12,negative
0.25,0.06,negative
0.405,0.205,negative
0.395,0.235,negative
0.35,0.135,negative
0.405,0.255,negative
0.3,0.11,negative
0.36,0.165,negative
0.305,0.105,negative
0.35,0.18,negative
0.375,0.19,negative
0.355,0.155,negative
0.325,0.14,negative
0.38,0.1,negative
0.37,0.155,negative
0.29,0.09,negative
0.27,0.07,negative
0.465,0.35,negative
0.415,0.245,negative
0.44,0.325,negative
0.445,0.275,negative
0.505,0.435,negative
0.215,0.035,negative
0.225,0.04,negative
0.35,0.125,negative
0.055,0.0015,negative
0.1,0.004,negative
0.12,0.005,negative
0.09,0.003,negative
0.425,0.275,negative
0.2,0.035,negative
0.175,0.02,negative
0.23,0.04,negative
0.255,0.06,negative
0.26,0.06,negative
0.245,0.05,negative
0.25,0.06,negative
0.245,0.045,negative
0.47,0.36,negative
0.455,0.3,negative
0.46,0.345,negative
0.495,0.34,negative
0.45,0.37,negative
0.275,0.07,negative
0.27,0.07,negative
0.45,0.41,positive
0.46,0.345,negative
0.505,0.365,negative
0.42,0.245,negative
0.475,0.295,negative
0.475,0.26,negative
0.2,0.04,negative
0.38,0.16,negative
0.45,0.235,negative
0.44,0.27,negative
0.195,0.026,negative
0.275,0.0905,negative
0.39,0.255,negative
0.36,0.17,negative
0.525,0.55,negative
0.5,0.37,negative
0.485,0.385,negative
0.505,0.45,negative
0.515,0.41,negative
0.54,0.585,negative
0.53,0.49,negative
0.5,0.69,negative
0.525,0.43,negative
0.425,0.25,negative
0.415,0.3,negative
0.285,0.075,negative
0.395,0.225,negative
0.355,0.15,negative
0.38,0.31,negative
0.4,0.205,negative
0.415,0.285,negative
0.435,0.205,negative
0.505,0.355,negative
0.475,0.315,negative
0.455,0.35,positive
0.495,0.375,negative
0.215,0.04,negative
0.205,0.035,negative
0.21,0.03,negative
0.395,0.15,negative
0.28,0.075,negative
0.305,0.1,negative
0.435,0.335,negative
0.28,0.074,negative
0.27,0.0715,negative
0.36,0.15,negative
0.145,0.011,negative
0.12,0.005,negative
0.355,0.19,negative
0.435,0.24,negative
0.435,0.325,negative
0.515,0.535,negative
0.41,0.195,negative
0.435,0.275,negative
0.485,0.39,negative
0.44,0.265,negative
0.455,0.345,positive
0.47,0.435,negative
0.485,0.46,negative
0.535,0.39,negative
0.355,0.14,negative
0.35,0.12,negative
0.455,0.32,negative
0.21,0.03,negative
0.205,0.035,negative
0.255,0.06,negative
0.145,0.015,negative
0.31,0.1,negative
0.265,0.075,negative
0.275,0.08,negative
0.255,0.065,negative
0.4,0.205,negative
0.295,0.095,negative
0.28,0.09,negative
0.38,0.2,negative
0.325,0.095,negative
0.22,0.035,negative
0.175,0.02,negative
0.6,0.71,negative
0.475,0.325,negative
0.465,0.355,negative
0.45,0.285,negative
0.45,0.425,negative
0.475,0.33,negative
0.455,0.3,negative
0.51,0.48,negative
0.465,0.32,negative
0.375,0.17,negative
0.425,0.24,negative
0.39,0.18,negative
0.42,0.275,negative
0.26,0.055,negative
0.305,0.09,negative
0.48,0.28,negative
0.495,0.245,negative
0.46,0.245,negative
0.45,0.27,negative
0.58,0.58,negative
0.525,0.395,negative
0.585,0.7,negative
0.545,0.485,negative
0.49,0.35,negative
0.455,0.22,negative
0.515,0.34,negative
0.465,0.34,negative
0.525,0.445,negative
0.48,0.295,negative
0.525,0.395,negative
0.5,0.35,negative
0.515,0.355,positive
0.49,0.315,negative
0.455,0.265,negative
0.465,0.265,negative
0.545,0.415,negative
0.56,0.47,negative
0.565,0.5,negative
0.58,0.6,positive
0.575,0.42,negative
0.52,0.4,negative
0.545,0.605,negative
0.49,0.285,negative
0.45,0.25,negative
0.465,0.37,negative
0.495,0.33,negative
0.42,0.25,negative
0.47,0.385,negative
0.4,0.2,negative
0.375,0.195,negative
0.425,0.235,negative
0.37,0.135,negative
0.42,0.215,negative
0.38,0.145,negative
0.42,0.22,negative
0.375,0.14,negative
0.325,0.105,negative
0.375,0.18,negative
0.375,0.18,negative
0.295,0.08,negative
0.275,0.07,negative
0.31,0.115,negative
0.395,0.24,negative
0.44,0.26,negative
0.38,0.185,negative
0.365,0.175,negative
0.455,0.235,negative
0.325,0.155,negative
0.455,0.31,negative
0.415,0.2,negative
0.44,0.24,negative
0.345,0.11,negative
0.355,0.15,negative
0.485,0.29,negative
0.45,0.285,negative
0.5,0.34,negative
0.44,0.235,negative
0.475,0.28,negative
0.46,0.28,negative
0.44,0.24,negative
0.495,0.39,negative
0.5,0.4,negative
0.47,0.36,negative
0.5,0.36,negative
0.515,0.45,negative
0.41,0.235,negative
0.54,0.505,negative
0.38,0.155,negative
0.39,0.2,negative
0.225,0.035,negative
0.2,0.03,negative
0.45,0.32,negative
0.5,0.33,positive
0.485,0.33,negative
0.455,0.375,negative
0.45,0.385,negative
0.45,0.295,negative
0.455,0.32,negative
0.47,0.325,negative
0.42,0.255,negative
0.345,0.12,negative
0.41,0.22,negative
0.275,0.09,negative
0.305,0.09,negative
0.3,0.085,negative
0.415,0.25,negative
0.26,0.07,negative
0.275,0.085,negative
0.325,0.12,negative
0.455,0.275,negative
0.425,0.285,positive
0.295,0.085,negative
0.435,0.39,negative
0.455,0.375,negative
0.5,0.375,negative
0.455,0.26,negative
0.565,0.58,negative
0.535,0.42,negative
0.555,0.36,negative
0.49,0.255,negative
0.55,0.33,negative
0.47,0.24,negative
0.54,0.39,negative
0.28,0.08,negative
0.31,0.0995,negative
0.41,0.235,negative
0.285,0.075,negative
0.465,0.265,negative
0.185,0.025,negative
0.165,0.02,negative
0.195,0.025,negative
0.125,0.008,negative
0.53,0.41,negative
0.55,0.4,negative
0.555,0.465,negative
0.44,0.2185,negative
0.405,0.177,negative
0.55,0.625,negative
0.34,0.1045,negative
0.405,0.181,negative
0.415,0.2765,negative
0.415,0.2645,negative
0.35,0.1345,negative
0.54,0.415,negative
0.59,0.58,negative
0.545,0.455,negative
0.585,0.475,negative
0.4,0.3,negative
0.465,0.24,negative
0.48,0.305,negative
0.46,0.26,positive
0.465,0.315,negative
0.515,0.36,negative
0.45,0.29,negative
0.42,0.235,negative
0.455,0.285,negative
0.455,0.285,negative
0.51,0.41,negative
0.53,0.415,negative
0.5,0.37,negative
0.485,0.3,positive
0.52,0.48,negative
0.5,0.305,negative
0.525,0.345,negative
0.46,0.29,negative
0.45,0.305,negative
0.44,0.245,negative
0.52,0.395,negative
0.505,0.36,negative
0.47,0.36,negative
0.485,0.42,negative
0.47,0.315,negative
0.46,0.305,negative
0.455,0.365,negative
0.435,0.25,negative
0.445,0.275,negative
0.53,0.34,negative
0.35,0.135,negative
0.38,0.21,negative
0.22,0.045,negative
0.195,0.025,negative
0.23,0.045,negative
0.29,0.075,negative
0.195,0.03,negative
0.2,0.03,negative
0.25,0.055,negative
0.15,0.01,negative
0.27,0.055,negative
0.26,0.07,negative
0.14,0.01,negative
0.16,0.015,negative
0.125,0.005,negative
0.445,0.235,negative
0.45,0.26,negative
0.11,0.005,negative
0.3,0.085,negative
0.42,0.205,negative
0.355,0.13,negative
0.37,0.155,negative
0.335,0.11,negative
0.37,0.145,negative
0.38,0.155,negative
0.405,0.179,negative
0.23,0.04,negative
0.205,0.0325,negative
0.29,0.0885,negative
0.375,0.179,negative
0.325,0.1135,negative
0.35,0.117,negative
0.355,0.131,negative
0.29,0.085,negative
0.245,0.049,negative
0.155,0.0155,negative
0.195,0.027,negative
0.45,0.23,negative
0.425,0.255,negative
0.49,0.345,negative
0.515,0.33,negative
0.44,0.25,negative
0.37,0.155,negative
0.385,0.16,negative
0.39,0.12,negative
0.405,0.255,negative
0.5,0.37,negative
0.53,0.44,negative
0.4,0.22,negative
0.4,0.17,negative
0.34,0.1175,negative
0.35,0.155,negative
0.415,0.2185,negative
0.355,0.185,negative
0.255,0.06,negative
0.21,0.0345,negative
0.355,0.168,negative
0.33,0.096,negative
0.32,0.0985,negative
0.35,0.1275,negative
0.345,0.1175,negative
0.455,0.415,negative
0.44,0.305,negative
0.475,0.345,negative
0.475,0.35,negative
0.425,0.26,negative
0.435,0.27,negative
0.445,0.255,negative
0.425,0.245,negative
0.355,0.115,negative
0.305,0.11,negative
0.49,0.365,negative
0.48,0.515,negative
0.525,0.435,positive
0.425,0.195,negative
0.41,0.25,negative
0.39,0.2,negative
0.335,0.15,negative
0.29,0.075,negative
0.41,0.205,negative
0.31,0.095,negative
0.4,0.235,negative
0.52,0.42,positive
0.42,0.24,negative
0.455,0.3,negative
0.43,0.225,negative
0.495,0.36,negative
0.47,0.32,negative
0.445,0.335,negative
0.42,0.25,negative
0.315,0.0835,negative
0.345,0.166,negative
0.3,0.0865,negative
0.39,0.2235,negative
0.345,0.154,negative
0.27,0.059,negative
0.37,0.136,negative
0.285,0.081,negative
0.265,0.068,negative
0.345,0.1515,negative
0.145,0.012,negative
0.24,0.06,negative
0.35,0.1655,negative
0.37,0.169,negative
0.345,0.148,negative
0.355,0.152,negative
0.24,0.049,negative
0.17,0.0195,negative
0.225,0.044,negative
0.255,0.054,negative
0.38,0.195,negative
0.385,0.17,negative
0.385,0.195,negative
0.36,0.14,negative
0.405,0.225,negative
0.335,0.125,negative
0.305,0.09,negative
0.415,0.265,negative
0.265,0.065,negative
0.365,0.1335,negative
0.36,0.165,negative
0.34,0.1405,negative
0.365,0.158,negative
0.295,0.075,negative
0.265,0.063,negative
0.235,0.08,negative
0.26,0.055,negative
0.345,0.16,negative
0.4,0.195,negative
0.24,0.05,negative
0.485,0.39,negative
0.45,0.315,positive
0.255,0.06,negative
0.34,0.105,negative
0.33,0.105,negative
0.215,0.035,negative
0.375,0.17,negative
0.35,0.155,negative
0.18,0.025,negative
0.245,0.06,negative
0.35,0.145,negative
0.36,0.14,negative
0.225,0.05,negative
0.28,0.075,negative
0.215,0.04,negative
0.515,0.42,negative
0.435,0.295,negative
0.49,0.41,negative
0.525,0.53,negative
0.475,0.33,negative
0.45,0.295,negative
0.305,0.09,negative
0.34,0.12,negative
0.355,0.16,positive
0.35,0.16,negative
0.295,0.08,negative
0.38,0.18,negative
0.425,0.335,negative
0.35,0.175,negative
0.385,0.215,negative
0.38,0.205,negative
0.41,0.24,positive
0.39,0.17,negative
0.385,0.24,negative
0.395,0.245,negative
0.375,0.19,negative
0.415,0.245,negative
0.38,0.265,negative
0.275,0.08,negative
0.275,0.07,negative
0.325,0.12,negative
0.37,0.175,negative
0.405,0.29,negative
0.4,0.185,negative
0.4,0.21,negative
0.44,0.255,negative
0.405,0.345,negative
0.4,0.195,negative
0.44,0.295,negative
0.375,0.19,negative
0.19,0.025,negative
0.325,0.11,negative
0.29,0.085,negative
0.23,0.04,negative
0.11,0.005,negative
0.105,0.005,negative
0.205,0.03,negative
0.335,0.14,negative
0.315,0.1195,negative
0.285,0.0875,negative
0.385,0.173,negative
0.33,0.123,negative
0.3,0.1175,negative
0.295,0.1105,negative
0.325,0.144,negative
0.25,0.0795,negative
0.26,0.0765,negative
0.295,0.1005,negative
0.225,0.032,negative
0.25,0.063,negative
0.205,0.0335,negative
0.3,0.083,negative
0.265,0.0695,negative
0.255,0.063,negative
0.2,0.03,negative
0.19,0.0245,negative
0.125,0.0085,negative
0.1,0.005,negative
0.11,0.005,negative
0.455,0.293,negative
0.44,0.4405,negative
0.41,0.295,negative
0.36,0.155,negative
0.36,0.195,negative
0.4,0.255,negative
0.4,0.165,negative
0.4,0.275,negative
0.42,0.23,negative
0.305,0.1,negative
0.375,0.155,negative
0.4,0.265,negative
0.38,0.22,negative
0.425,0.29,negative
0.39,0.175,negative
0.385,0.205,negative
0.405,0.21,negative
0.41,0.32,negative
0.345,0.125,negative
0.44,0.245,negative
0.265,0.06,negative
0.42,0.215,negative
0.405,0.26,negative
0.415,0.265,negative
0.42,0.265,negative
0.52,0.45,negative
0.385,0.16,negative
0.42,0.28,negative
0.515,0.39,negative
0.39,0.195,negative
0.355,0.14,negative
0.46,0.315,negative
0.455,0.275,negative
0.515,0.525,negative
0.505,0.35,negative
0.525,0.37,negative
0.43,0.31,negative
0.495,0.41,negative
0.405,0.325,negative
0.44,0.335,negative
0.44,0.27,negative
0.44,0.3,negative
0.51,0.47,negative
0.47,0.32,negative
0.45,0.3,negative
0.27,0.07,negative
0.445,0.32,negative
0.43,0.233,negative
0.425,0.278,negative
0.455,0.2965,negative
0.375,0.17,negative
0.275,0.085,negative
0.34,0.12,negative
0.38,0.185,negative
0.41,0.31,negative
0.385,0.2,negative
0.38,0.195,negative
0.35,0.19,negative
0.36,0.195,negative
0.41,0.3,negative
0.385,0.215,negative
0.435,0.255,negative
0.28,0.085,negative
0.155,0.015,negative
0.415,0.2905,negative
0.39,0.1845,negative
0.385,0.262,negative
0.39,0.1635,negative
0.465,0.262,negative
0.465,0.263,negative
0.375,0.1685,negative
0.37,0.1625,negative
0.465,0.3635,negative
0.45,0.256,negative
0.405,0.234,negative
0.41,0.214,negative
0.335,0.122,negative
0.42,0.2885,negative
0.34,0.185,negative
0.345,0.117,negative
0.335,0.115,negative
0.33,0.155,negative
0.275,0.065,negative
0.38,0.155,negative
0.205,0.03,negative
0.4,0.24,negative
0.34,0.13,negative
0.405,0.285,negative
0.365,0.205,negative
0.41,0.235,negative
0.185,0.023,negative
0.175,0.018,negative
0.25,0.049,negative
0.24,0.0535,negative
0.25,0.0575,negative
0.27,0.062,negative
0.3,0.0745,negative
0.25,0.054,negative
0.275,0.0735,negative
0.275,0.0615,negative
0.275,0.0605,negative
0.29,0.086,negative
0.3,0.09,negative
0.29,0.082,negative
0.29,0.077,negative
0.31,0.094,negative
0.325,0.106,negative
0.305,0.091,negative
0.32,0.109,negative
0.325,0.0945,negative
0.365,0.1465,negative
0.335,0.1105,negative
0.35,0.1405,negative
0.375,0.169,negative
0.325,0.089,negative
0.365,0.172,negative
0.365,0.175,negative
0.355,0.1525,negative
0.385,0.1775,negative
0.41,0.214,negative
0.4,0.166,negative
0.44,0.239,negative
0.395,0.225,negative
0.405,0.202,negative
0.42,0.21,negative
0.44,0.2375,negative
0.43,0.283,negative
0.45,0.2875,negative
0.45,0.2765,negative
0.435,0.2385,negative
0.45,0.265,negative
0.455,0.2745,negative
0.435,0.194,negative
0.48,0.33,negative
0.48,0.32,negative
0.475,0.271,negative
0.475,0.3095,negative
0.475,0.36,negative
0.475,0.3205,negative
0.495,0.3445,negative
0.475,0.3985,negative
0.455,0.325,negative
0.5,0.292,negative
0.52,0.345,negative
0.51,0.32,negative
0.465,0.2705,negative
0.505,0.3685,negative
0.5,0.315,negative
0.505,0.41,negative
0.49,0.411,negative
0.49,0.381,negative
0.505,0.406,negative
0.46,0.33,negative
0.465,0.305,negative
0.5,0.31,negative
0.525,0.399,negative
0.52,0.405,negative
0.58,0.601,negative
0.53,0.453,negative
0.52,0.4,negative
0.585,0.413,negative
0.525,0.455,negative
0.51,0.39,negative
0.56,0.415,negative
0.54,0.475,negative
0.56,0.455,negative
0.595,0.897,negative
0.14,0.0135,negative
0.175,0.021,negative
0.175,0.017,negative
0.19,0.027,negative
0.18,0.02,negative
0.195,0.0245,negative
0.12,0.0345,negative
0.23,0.0385,negative
0.235,0.043,negative
0.23,0.037,negative
0.22,0.037,negative
0.235,0.0425,negative
0.23,0.04,negative
0.51,0.321,negative
0.24,0.0425,negative
0.24,0.05,negative
0.265,0.0445,negative
0.25,0.055,negative
0.485,0.2715,negative
0.525,0.42,negative
0.25,0.0445,negative
0.25,0.055,negative
0.25,0.045,negative
0.265,0.065,negative
0.29,0.067,negative
0.28,0.0795,negative
0.28,0.055,negative
0.265,0.07,negative
0.31,0.09,negative
0.305,0.1,negative
0.31,0.091,negative
0.33,0.09,negative
0.32,0.1,negative
0.315,0.09,negative
0.315,0.105,negative
0.34,0.1,negative
0.325,0.105,negative
0.325,0.095,negative
0.34,0.1145,negative
0.325,0.1125,negative
0.345,0.134,negative
0.325,0.105,negative
0.335,0.1195,negative
0.35,0.1195,negative
0.36,0.137,negative
0.355,0.1335,negative
0.345,0.1135,negative
0.335,0.119,negative
0.355,0.1465,negative
0.375,0.1295,negative
0.36,0.115,negative
0.365,0.113,negative
0.345,0.1265,negative
0.37,0.143,negative
0.345,0.12,negative
0.35,0.1095,negative
0.365,0.14,negative
0.37,0.15,negative
0.365,0.146,negative
0.36,0.127,negative
0.385,0.1575,negative
0.375,0.17,negative
0.36,0.115,negative
0.365,0.14,negative
0.385,0.1695,negative
0.37,0.129,negative
0.395,0.1495,negative
0.39,0.1565,negative
0.4,0.144,negative
0.385,0.135,negative
0.385,0.1535,negative
0.4,0.1825,negative
0.39,0.1785,negative
0.41,0.155,negative
0.39,0.156,negative
0.39,0.19,negative
0.355,0.185,negative
0.375,0.175,negative
0.405,0.1885,negative
0.405,0.18,negative
0.41,0.1955,negative
0.43,0.23,negative
0.39,0.155,negative
0.415,0.175,negative
0.4,0.17,negative
0.425,0.205,negative
0.425,0.202,negative
0.405,0.186,negative
0.43,0.2155,negative
0.435,0.2195,negative
0.4,0.205,negative
0.445,0.218,negative
0.43,0.275,negative
0.455,0.274,negative
0.4,0.18,negative
0.45,0.295,negative
0.45,0.343,negative
0.455,0.27,negative
0.445,0.24,negative
0.46,0.214,negative
0.475,0.29,negative
0.46,0.249,negative
0.46,0.29,negative
0.46,0.276,negative
0.455,0.2835,negative
0.45,0.29,negative
0.49,0.237,negative
0.465,0.275,negative
0.47,0.309,negative
0.455,0.25,negative
0.47,0.155,negative
0.45,0.25,negative
0.475,0.274,negative
0.455,0.27,negative
0.475,0.275,negative
0.49,0.295,negative
0.47,0.2925,negative
0.475,0.3295,negative
0.47,0.3085,negative
0.46,0.2515,negative
0.48,0.33,negative
0.475,0.349,negative
0.5,0.315,negative
0.485,0.401,negative
0.485,0.31,negative
0.495,0.315,negative
0.51,0.388,negative
0.48,0.365,negative
0.525,0.3745,negative
0.505,0.335,negative
0.5,0.409,negative
0.49,0.405,negative
0.49,0.395,negative
0.48,0.3235,negative
0.5,0.4,negative
0.52,0.432,negative
0.5,0.3185,negative
0.52,0.4,negative
0.505,0.336,negative
0.5,0.349,negative
0.5,0.3,negative
0.515,0.385,negative
0.495,0.3725,negative
0.52,0.46,negative
0.525,0.477,negative
0.46,0.1825,negative
0.51,0.403,negative
0.505,0.441,negative
0.535,0.5175,negative
0.495,0.485,negative
0.475,0.335,negative
0.525,0.4005,negative
0.57,0.435,negative
0.565,0.553,negative
0.535,0.498,negative
0.525,0.405,negative
0.505,0.48,negative
0.535,0.503,negative
0.535,0.4045,negative
0.565,0.5475,negative
0.565,0.4135,negative
0.525,0.405,negative
0.6,0.6,negative
0.6,0.6205,negative
0.13,0.0095,negative
0.15,0.011,negative
0.135,0.0095,negative
0.155,0.007,negative
0.165,0.015,negative
0.18,0.0215,negative
0.18,0.0225,negative
0.195,0.025,negative
0.195,0.028,negative
0.21,0.034,negative
0.22,0.03,negative
0.22,0.039,negative
0.235,0.039,negative
0.225,0.0405,negative
0.28,0.0635,negative
0.265,0.055,negative
0.28,0.067,negative
0.275,0.065,negative
0.29,0.065,negative
0.32,0.087,negative
0.3,0.093,negative
0.3,0.0875,negative
0.325,0.106,negative
0.3,0.1035,negative
0.32,0.105,negative
0.31,0.088,negative
0.335,0.1035,negative
0.325,0.1045,negative
0.33,0.096,negative
0.345,0.106,negative
0.33,0.12,negative
0.345,0.117,negative
0.34,0.13,negative
0.335,0.109,negative
0.365,0.1315,negative
0.34,0.12,negative
0.33,0.0975,negative
0.33,0.098,negative
0.33,0.102,negative
0.35,0.1175,negative
0.36,0.129,negative
0.38,0.142,negative
0.35,0.13,negative
0.35,0.115,negative
0.38,0.1665,negative
0.465,0.141,negative
0.375,0.1585,negative
0.375,0.17,negative
0.38,0.134,negative
0.39,0.131,negative
0.39,0.1405,negative
0.405,0.182,negative
0.4,0.1385,negative
0.4,0.1525,negative
0.38,0.166,negative
0.385,0.15,negative
0.4,0.185,negative
0.38,0.157,negative
0.38,0.167,negative
0.46,0.254,negative
0.4,0.17,negative
0.4,0.1835,negative
0.405,0.201,negative
0.395,0.1405,negative
0.4,0.19,negative
0.39,0.156,negative
0.41,0.19,negative
0.39,0.169,negative
0.415,0.175,negative
0.43,0.223,negative
0.415,0.218,negative
0.42,0.1895,negative
0.43,0.234,negative
0.425,0.2165,negative
0.445,0.2215,negative
0.44,0.245,negative
0.415,0.205,negative
0.455,0.23,negative
0.435,0.206,negative
0.45,0.2645,negative
0.46,0.25,negative
0.445,0.22,negative
0.44,0.224,negative
0.46,0.265,negative
0.45,0.2575,negative
0.435,0.222,negative
0.47,0.238,negative
0.435,0.245,negative
0.455,0.26,negative
0.445,0.22,negative
0.445,0.228,negative
0.455,0.265,negative
0.455,0.441,negative
0.445,0.22,negative
0.45,0.253,negative
0.45,0.2295,negative
0.45,0.265,negative
0.46,0.235,negative
0.465,0.265,negative
0.47,0.24,negative
0.475,0.2565,negative
0.455,0.24,negative
0.465,0.25,negative
0.465,0.225,negative
0.47,0.292,negative
0.475,0.274,negative
0.48,0.317,negative
0.475,0.357,negative
0.485,0.2865,negative
0.485,0.2415,negative
0.47,0.267,negative
0.46,0.27,negative
0.465,0.2415,negative
0.475,0.285,negative
0.47,0.2475,negative
0.45,0.2405,negative
0.48,0.281,negative
0.48,0.286,negative
0.485,0.332,negative
0.47,0.287,negative
0.5,0.3425,negative
0.495,0.2885,negative
0.515,0.358,negative
0.53,0.3735,negative
0.48,0.305,negative
0.5,0.4245,negative
0.5,0.294,negative
0.515,0.345,negative
0.51,0.364,negative
0.5,0.3595,negative
0.53,0.476,negative
0.525,0.34,negative
0.505,0.353,negative
0.52,0.4,negative
0.54,0.4735,negative
0.54,0.39,negative
0.53,0.3865,negative
0.53,0.3695,negative
0.56,0.4375,negative
0.565,0.446,negative
0.575,0.638,negative
0.525,0.3995,negative
0.55,0.301,negative
0.56,0.4525,negative
0.55,0.5075,negative
0.58,0.5375,negative
0.535,0.42,negative
0.55,0.5215,negative
0.505,0.4505,negative
0.565,0.2685,negative
0.575,0.4825,negative
0.585,0.5,negative
0.57,0.545,negative
0.625,0.6785,negative
0.58,0.595,negative
0.63,0.586,negative
0.375,0.15,negative
0.565,0.5,negative
0.185,0.0225,negative
0.205,0.0215,negative
0.19,0.025,negative
0.195,0.0355,negative
0.215,0.038,negative
0.23,0.0385,negative
0.225,0.09,negative
0.23,0.0445,negative
0.245,0.048,negative
0.25,0.055,negative
0.255,0.055,negative
0.255,0.05,negative
0.205,0.0435,negative
0.27,0.065,negative
0.255,0.0525,negative
0.27,0.064,negative
0.27,0.058,negative
0.25,0.052,negative
0.27,0.06,negative
0.28,0.062,negative
0.29,0.061,negative
0.29,0.0695,negative
0.275,0.0755,negative
0.275,0.0775,negative
0.28,0.065,negative
0.27,0.07,negative
0.275,0.0755,negative
0.27,0.07,negative
0.29,0.0745,negative
0.28,0.067,negative
0.225,0.04,negative
0.3,0.0735,negative
0.28,0.0655,negative
0.3,0.089,negative
0.305,0.0945,negative
0.295,0.085,negative
0.27,0.082,negative
0.265,0.06,negative
0.29,0.075,negative
0.285,0.075,negative
0.325,0.1,negative
0.29,0.0765,negative
0.32,0.106,negative
0.31,0.08,negative
0.34,0.115,negative
0.315,0.1045,negative
0.335,0.17,negative
0.305,0.082,negative
0.315,0.12,negative
0.34,0.12,negative
0.33,0.12,negative
0.345,0.126,negative
0.365,0.1245,negative
0.33,0.11,negative
0.36,0.11,negative
0.35,0.114,negative
0.365,0.141,negative
0.34,0.113,negative
0.365,0.135,negative
0.355,0.1505,negative
0.355,0.115,negative
0.355,0.14,negative
0.38,0.1505,negative
0.36,0.15,negative
0.37,0.165,negative
0.355,0.132,negative
0.365,0.135,negative
0.395,0.167,negative
0.355,0.1495,negative
0.38,0.16,negative
0.38,0.1565,negative
0.42,0.2065,negative
0.375,0.185,negative
0.375,0.157,negative
0.41,0.196,negative
0.395,0.195,negative
0.405,0.18,negative
0.38,0.18,negative
0.395,0.171,negative
0.38,0.16,negative
0.42,0.205,negative
0.395,0.1905,negative
0.4,0.175,negative
0.4,0.18,negative
0.42,0.2045,negative
0.4,0.164,negative
0.42,0.192,negative
0.415,0.167,negative
0.415,0.189,negative
0.425,0.21,negative
0.4,0.154,negative
0.415,0.225,negative
0.41,0.2075,negative
0.435,0.194,negative
0.42,0.2175,negative
0.42,0.229,negative
0.435,0.227,negative
0.445,0.207,negative
0.43,0.2545,negative
0.405,0.185,negative
0.43,0.223,negative
0.405,0.2,negative
0.435,0.2325,negative
0.43,0.248,negative
0.44,0.255,negative
0.425,0.215,negative
0.43,0.28,negative
0.43,0.23,negative
0.425,0.225,negative
0.425,0.236,negative
0.425,0.2165,negative
0.445,0.2695,negative
0.455,0.235,negative
0.44,0.21,negative
0.45,0.225,negative
0.39,0.1685,negative
0.445,0.219,negative
0.45,0.2215,negative
0.45,0.245,negative
0.46,0.2655,negative
0.435,0.2705,negative
0.42,0.2125,negative
0.44,0.202,negative
0.435,0.275,negative
0.48,0.306,negative
0.46,0.22,negative
0.46,0.2955,negative
0.455,0.204,negative
0.445,0.253,negative
0.465,0.235,negative
0.49,0.335,negative
0.475,0.285,negative
0.46,0.274,negative
0.47,0.295,negative
0.45,0.237,negative
0.475,0.2885,negative
0.445,0.23,negative
0.47,0.31,negative
0.455,0.275,negative
0.465,0.2255,negative
0.465,0.305,negative
0.475,0.309,negative
0.475,0.27,negative
0.48,0.325,negative
0.465,0.28,negative
0.455,0.269,negative
0.46,0.295,negative
0.485,0.33,negative
0.49,0.315,negative
0.435,0.26,negative
0.475,0.335,negative
0.47,0.275,negative
0.45,0.25,negative
0.48,0.305,negative
0.465,0.286,negative
0.475,0.3035,negative
0.48,0.347,negative
0.46,0.275,negative
0.47,0.34,negative
0.475,0.2895,negative
0.5,0.295,negative
0.48,0.3,negative
0.475,0.3035,negative
0.475,0.3,negative
0.475,0.355,negative
0.51,0.39,negative
0.495,0.355,negative
0.5,0.354,negative
0.475,0.33,negative
0.455,0.315,negative
0.505,0.3045,negative
0.515,0.321,negative
0.48,0.3185,negative
0.485,0.345,negative
0.505,0.315,negative
0.485,0.3365,negative
0.475,0.28,negative
0.495,0.315,negative
0.49,0.3455,negative
0.5,0.39,negative
0.495,0.323,negative
0.475,0.3665,negative
0.51,0.31,negative
0.565,0.406,negative
0.525,0.4075,negative
0.51,0.345,negative
0.5,0.3725,negative
0.525,0.4325,negative
0.525,0.405,negative
0.505,0.349,negative
0.59,0.435,negative
0.51,0.375,negative
0.51,0.391,negative
0.525,0.3985,negative
0.535,0.46,negative
0.52,0.383,negative
0.495,0.3925,negative
0.49,0.365,negative
0.515,0.3575,negative
0.53,0.435,negative
0.53,0.3725,negative
0.505,0.3745,negative
0.545,0.469,negative
0.565,0.4975,negative
0.545,0.461,negative
0.545,0.195,negative
0.565,0.512,negative
0.555,0.528,negative
0.57,0.43,negative
0.55,0.45,negative
0.575,0.51,negative
0.575,0.5365,negative
0.6,0.595,negative
0.58,0.52,negative
0.565,0.565,negative
0.57,0.558,negative
0.61,0.612,negative
0.65,0.7975,negative
0.105,0.004,negative
0.165,0.036,negative
0.265,0.0605,negative
0.255,0.053,negative
0.27,0.0615,negative
0.28,0.067,negative
0.3,0.0675,negative
0.295,0.0765,negative
0.29,0.0825,negative
0.3,0.08,negative
0.31,0.0855,negative
0.29,0.0815,negative
0.3,0.0805,negative
0.32,0.073,negative
0.315,0.103,negative
0.34,0.088,negative
0.34,0.1075,negative
0.34,0.1015,negative
0.32,0.1025,negative
0.365,0.1135,negative
0.335,0.11,negative
0.335,0.1065,negative
0.355,0.125,negative
0.345,0.116,negative
0.35,0.1175,negative
0.355,0.1365,negative
0.37,0.142,negative
0.365,0.1165,negative
0.365,0.1335,negative
0.36,0.147,negative
0.38,0.147,negative
0.39,0.198,negative
0.37,0.1555,negative
0.38,0.144,negative
0.385,0.1555,negative
0.38,0.161,negative
0.395,0.17,negative
0.425,0.2185,negative
0.4,0.17,negative
0.4,0.149,negative
0.4,0.1735,negative
0.43,0.189,negative
0.4,0.175,negative
0.41,0.203,negative
0.43,0.1945,negative
0.425,0.215,negative
0.435,0.1835,negative
0.43,0.22,negative
0.445,0.249,negative
0.465,0.238,negative
0.46,0.2385,negative
0.46,0.3055,negative
0.435,0.2095,negative
0.455,0.2335,negative
0.44,0.245,negative
0.465,0.2515,negative
0.46,0.275,negative
0.455,0.288,negative
0.455,0.25,negative
0.465,0.357,negative
0.485,0.2765,negative
0.485,0.38,negative
0.515,0.3315,negative
0.485,0.305,negative
0.475,0.251,negative
0.485,0.25,negative
0.435,0.275,negative
0.48,0.312,negative
0.52,0.3465,negative
0.47,0.305,negative
0.47,0.276,negative
0.49,0.3245,negative
0.505,0.315,negative
0.51,0.377,negative
0.515,0.4025,negative
0.515,0.415,negative
0.51,0.43,negative
0.48,0.31,negative
0.455,0.305,negative
0.5,0.329,negative
0.505,0.335,negative
0.545,0.495,negative
0.515,0.4,negative
0.5,0.3195,negative
0.485,0.215,negative
0.54,0.444,negative
0.51,0.4195,negative
0.505,0.345,negative
0.515,0.395,negative
0.545,0.41,negative
0.51,0.345,negative
0.5,0.415,negative
0.5,0.4685,negative
0.515,0.395,negative
0.525,0.461,negative
0.55,0.32,negative
0.555,0.595,negative
0.56,0.388,negative
0.565,0.494,negative
0.575,0.5015,negative
0.57,0.446,negative
0.55,0.445,negative
0.17,0.013,negative
0.21,0.0335,negative
0.215,0.0405,negative
0.225,0.0415,negative
0.23,0.0415,negative
0.255,0.05,negative
0.26,0.055,negative
0.27,0.054,negative
0.26,0.058,negative
0.27,0.061,negative
0.275,0.066,negative
0.265,0.055,negative
0.27,0.066,negative
0.27,0.065,negative
0.28,0.07,negative
0.285,0.075,negative
0.29,0.082,negative
0.28,0.07,negative
0.29,0.076,negative
0.3,0.08,negative
0.3,0.0835,negative
0.285,0.077,negative
0.29,0.073,negative
0.3,0.0955,negative
0.3,0.075,negative
0.325,0.0965,negative
0.325,0.09,negative
0.315,0.095,negative
0.335,0.11,negative
0.325,0.105,negative
0.34,0.105,negative
0.335,0.1345,negative
0.36,0.147,negative
0.35,0.1205,negative
0.355,0.13,negative
0.37,0.147,negative
0.345,0.12,negative
0.355,0.155,negative
0.36,0.19,negative
0.36,0.112,negative
0.36,0.125,negative
0.37,0.175,negative
0.37,0.15,negative
0.355,0.239,negative
0.375,0.16,negative
0.375,0.143,negative
0.4,0.169,negative
0.37,0.15,negative
0.4,0.19,negative
0.39,0.173,negative
0.4,0.1935,negative
0.375,0.169,negative
0.395,0.162,negative
0.36,0.138,negative
0.375,0.15,negative
0.35,0.1275,negative
0.395,0.17,negative
0.39,0.185,negative
0.41,0.165,negative
0.39,0.1895,negative
0.415,0.2875,negative
0.39,0.178,negative
0.38,0.175,negative
0.4,0.169,negative
0.4,0.225,negative
0.42,0.177,negative
0.43,0.2135,negative
0.4,0.195,negative
0.42,0.249,negative
0.4,0.175,negative
0.43,0.24,negative
0.425,0.25,negative
0.43,0.2295,negative
0.455,0.269,negative
0.42,0.235,negative
0.425,0.225,negative
0.425,0.213,negative
0.4,0.18,negative
0.375,0.1725,negative
0.42,0.22,negative
0.435,0.259,negative
0.425,0.217,negative
0.42,0.23,negative
0.415,0.2215,negative
0.425,0.21,negative
0.395,0.17,negative
0.435,0.206,negative
0.46,0.2765,negative
0.445,0.236,negative
0.44,0.2,negative
0.425,0.2645,negative
0.42,0.231,negative
0.44,0.27,negative
0.44,0.215,negative
0.43,0.219,negative
0.45,0.21,negative
0.45,0.245,negative
0.435,0.25,negative
0.43,0.2815,negative
0.445,0.28,negative
0.445,0.1825,negative
0.455,0.268,negative
0.47,0.34,negative
0.425,0.239,negative
0.45,0.235,negative
0.47,0.355,negative
0.465,0.47,negative
0.445,0.25,negative
0.45,0.254,negative
0.435,0.36,negative
0.445,0.239,negative
0.435,0.23,negative
0.44,0.275,negative
0.46,0.295,negative
0.43,0.2285,negative
0.445,0.235,negative
0.445,0.253,negative
0.49,0.309,negative
0.45,0.265,negative
0.46,0.26,negative
0.45,0.217,negative
0.435,0.265,negative
0.45,0.2535,negative
0.46,0.235,negative
0.46,0.3,negative
0.475,0.305,negative
0.48,0.2725,negative
0.48,0.29,negative
0.48,0.325,negative
0.47,0.275,negative
0.47,0.2635,negative
0.455,0.275,negative
0.475,0.27,negative
0.47,0.22,negative
0.48,0.24,negative
0.47,0.3345,negative
0.505,0.431,negative
0.475,0.266,negative
0.465,0.28,negative
0.485,0.3085,negative
0.47,0.2945,negative
0.475,0.379,negative
0.465,0.26,negative
0.47,0.31,negative
0.485,0.355,negative
0.47,0.28,negative
0.475,0.311,negative
0.485,0.315,negative
0.515,0.335,negative
0.515,0.395,negative
0.54,0.357,negative
0.49,0.305,negative
0.48,0.313,negative
0.47,0.295,negative
0.45,0.2965,negative
0.48,0.309,negative
0.48,0.3,negative
0.49,0.3325,negative
0.475,0.3105,negative
0.5,0.354,negative
0.47,0.3145,negative
0.485,0.3705,negative
0.485,0.278,negative
0.505,0.3,negative
0.5,0.3995,negative
0.49,0.339,negative
0.485,0.3035,negative
0.495,0.328,negative
0.5,0.3615,negative
0.5,0.418,negative
0.49,0.305,negative
0.49,0.38,negative
0.505,0.36,negative
0.515,0.3685,negative
0.5,0.386,negative
0.525,0.4435,negative
0.505,0.335,negative
0.5,0.3845,negative
0.51,0.48,negative
0.51,0.3745,negative
0.51,0.317,negative
0.51,0.315,negative
0.5,0.415,negative
0.51,0.36,negative
0.485,0.33,negative
0.48,0.35,negative
0.495,0.335,negative
0.505,0.391,negative
0.525,0.378,negative
0.51,0.3665,negative
0.55,0.365,negative
0.51,0.305,negative
0.505,0.425,negative
0.505,0.363,negative
0.5,0.341,negative
0.535,0.415,negative
0.53,0.495,negative
0.51,0.3925,negative
0.525,0.353,negative
0.505,0.3665,negative
0.505,0.32,negative
0.52,0.395,negative
0.5,0.315,negative
0.505,0.308,negative
0.52,0.3,negative
0.52,0.4275,negative
0.55,0.354,negative
0.54,0.465,negative
0.525,0.3545,negative
0.51,0.3965,negative
0.52,0.4125,negative
0.51,0.4705,negative
0.52,0.32,negative
0.535,0.512,negative
0.565,0.438,negative
0.55,0.46,negative
0.565,0.54,negative
0.545,0.265,negative
0.575,0.502,negative
0.57,0.48,negative
0.54,0.435,negative
0.56,0.566,negative
0.57,0.485,negative
0.55,0.511,negative
0.525,0.435,negative
0.565,0.503,negative
0.56,0.5655,negative
0.59,0.557,negative
0.565,0.482,negative
0.565,0.575,negative
0.595,0.63,negative
0.62,0.642,negative
0.63,0.578,negative
0.175,0.0705,negative
0.245,0.1125,negative
0.3,0.1645,negative
0.27,0.1675,negative
0.28,0.143,negative
0.32,0.117,negative
0.335,0.1,negative
0.325,0.211,negative
0.345,0.1215,negative
0.325,0.209,negative
0.36,0.12,negative
0.365,0.182,negative
0.37,0.2365,negative
0.345,0.319,negative
0.355,0.2825,negative
0.37,0.296,negative
0.35,0.273,negative
0.395,0.252,negative
0.365,0.276,negative
0.38,0.159,negative
0.425,0.1795,negative
0.41,0.2105,negative
0.385,0.304,negative
0.42,0.228,negative
0.415,0.403,negative
0.385,0.2845,negative
0.38,0.3345,negative
0.455,0.29,negative
0.42,0.344,negative
0.44,0.2485,negative
0.45,0.213,negative
0.43,0.4155,negative
0.455,0.258,negative
0.45,0.253,negative
0.495,0.3285,negative
0.465,0.251,negative
0.475,0.343,negative
0.475,0.297,negative
0.475,0.3005,negative
0.455,0.315,negative
0.47,0.2565,negative
0.495,0.3185,negative
0.49,0.344,negative
0.495,0.3475,negative
0.475,0.291,negative
0.475,0.31,negative
0.5,0.315,negative
0.525,0.3965,negative
0.485,0.3075,negative
0.52,0.466,negative
0.545,0.378,negative
0.515,0.4375,negative
0.53,0.389,negative
0.535,0.4215,negative
0.55,0.3965,negative
0.53,0.455,negative
0.545,0.4645,negative
0.55,0.5015,negative
0.56,0.4425,negative
0.575,0.643,negative
0.135,0.009,negative
0.18,0.018,negative
0.215,0.036,negative
0.26,0.06,negative
0.265,0.06,negative
0.27,0.065,negative
0.275,0.075,negative
0.27,0.07,negative
0.31,0.081,negative
0.3,0.11,negative
0.315,0.11,negative
0.31,0.085,negative
0.335,0.105,negative
0.31,0.0975,negative
0.31,0.115,negative
0.325,0.1135,negative
0.34,0.12,negative
0.335,0.098,negative
0.33,0.11,negative
0.33,0.105,negative
0.345,0.1185,negative
0.33,0.1185,negative
0.37,0.166,negative
0.375,0.135,negative
0.34,0.1465,negative
0.36,0.147,negative
0.385,0.154,negative
0.37,0.15,negative
0.38,0.165,negative
0.375,0.191,negative
0.38,0.1505,negative
0.38,0.15,negative
0.405,0.225,negative
0.4,0.207,negative
0.4,0.195,negative
0.415,0.245,negative
0.42,0.235,negative
0.385,0.14,negative
0.41,0.184,negative
0.415,0.168,negative
0.395,0.165,negative
0.385,0.143,negative
0.38,0.1425,negative
0.415,0.1695,negative
0.405,0.21,negative
0.43,0.23,negative
0.4,0.175,negative
0.43,0.24,negative
0.395,0.183,negative
0.405,0.1875,negative
0.455,0.244,negative
0.395,0.192,negative
0.425,0.295,negative
0.39,0.19,negative
0.425,0.244,negative
0.43,0.25,negative
0.435,0.238,negative
0.45,0.23,negative
0.435,0.214,negative
0.41,0.194,negative
0.4,0.18,negative
0.45,0.22,negative
0.455,0.235,negative
0.445,0.279,negative
0.445,0.23,negative
0.415,0.185,negative
0.455,0.26,negative
0.435,0.255,negative
0.45,0.246,negative
0.46,0.25,negative
0.46,0.265,negative
0.455,0.277,negative
0.44,0.283,negative
0.415,0.238,negative
0.44,0.234,negative
0.45,0.2265,negative
0.45,0.235,negative
0.435,0.239,negative
0.455,0.295,negative
0.445,0.27,negative
0.465,0.35,negative
0.45,0.225,negative
0.45,0.239,negative
0.43,0.22,negative
0.475,0.269,negative
0.45,0.225,negative
0.5,0.3005,negative
0.44,0.2795,negative
0.44,0.242,negative
0.44,0.2485,negative
0.455,0.223,negative
0.46,0.329,negative
0.47,0.264,negative
0.475,0.3105,negative
0.465,0.298,negative
0.49,0.352,negative
0.455,0.3,negative
0.47,0.321,negative
0.48,0.27,negative
0.46,0.2985,negative
0.46,0.265,negative
0.47,0.294,negative
0.47,0.285,negative
0.47,0.2685,negative
0.495,0.3225,negative
0.495,0.3885,negative
0.49,0.285,negative
0.49,0.355,negative
0.495,0.34,negative
0.495,0.5195,negative
0.47,0.325,negative
0.485,0.335,negative
0.495,0.3215,negative
0.515,0.361,negative
0.505,0.3535,negative
0.445,0.304,negative
0.52,0.375,negative
0.47,0.265,negative
0.49,0.289,negative
0.485,0.3395,negative
0.52,0.412,negative
0.505,0.345,negative
0.5,0.365,negative
0.53,0.35,negative
0.48,0.34,negative
0.515,0.41,negative
0.49,0.2925,negative
0.49,0.34,negative
0.485,0.3255,negative
0.515,0.3535,negative
0.525,0.335,negative
0.51,0.4675,negative
0.49,0.3385,negative
0.52,0.474,negative
0.515,0.497,negative
0.52,0.3305,negative
0.51,0.3645,negative
0.51,0.3985,negative
0.51,0.37,negative
0.5,0.3595,negative
0.525,0.394,negative
0.515,0.436,negative
0.52,0.348,negative
0.525,0.4,negative
0.535,0.49,negative
0.54,0.4715,negative
0.54,0.384,negative
0.535,0.4075,negative
0.55,0.5,negative
0.51,0.4245,negative
0.515,0.4115,negative
0.545,0.4505,negative
0.575,0.538,negative
0.53,0.416,negative
0.55,0.375,negative
0.55,0.535,negative
0.535,0.4395,negative
0.575,0.501,negative
0.565,0.503,negative
0.57,0.488,negative
0.55,0.44,negative
0.605,0.646,negative
0.13,0.008,negative
0.11,0.006,negative
0.15,0.015,negative
0.21,0.03,negative
0.2,0.03,negative
0.215,0.03,negative
0.21,0.03,negative
0.21,0.03,negative
0.21,0.03,negative
0.24,0.041,negative
0.25,0.04,negative
0.25,0.0495,negative
0.235,0.0495,negative
0.25,0.046,negative
0.27,0.0735,negative
0.27,0.062,negative
0.27,0.053,negative
0.28,0.065,negative
0.275,0.0605,negative
0.29,0.078,negative
0.25,0.0805,negative
0.325,0.0925,negative
0.315,0.0985,negative
0.32,0.105,negative
0.325,0.095,negative
0.35,0.1375,negative
0.33,0.129,negative
0.365,0.145,negative
0.375,0.145,negative
0.365,0.1365,negative
0.39,0.167,negative
0.395,0.185,negative
0.385,0.1535,negative
0.455,0.2035,negative
0.4,0.168,negative
0.41,0.1765,negative
0.43,0.196,negative
0.405,0.185,negative
0.44,0.2385,negative
0.47,0.2675,negative
0.445,0.2475,negative
0.41,0.253,negative
0.46,0.2625,negative
0.435,0.245,negative
0.445,0.295,negative
0.465,0.275,negative
0.49,0.341,negative
0.45,0.2425,negative
0.19,0.025,negative
0.215,0.033,negative
0.215,0.027,negative
0.255,0.057,negative
0.24,0.054,negative
0.28,0.0725,negative
0.515,0.3925,negative
0.515,0.386,negative
0.305,0.105,negative
0.31,0.087,negative
0.195,0.0285,negative
0.295,0.082,negative
0.305,0.0805,negative
0.315,0.087,negative
0.305,0.11,negative
0.32,0.12,negative
0.35,0.135,negative
0.355,0.1335,negative
0.345,0.132,negative
0.36,0.121,negative
0.35,0.158,negative
0.39,0.1635,negative
0.38,0.1955,negative
0.37,0.139,negative
0.39,0.2385,negative
0.385,0.1515,negative
0.38,0.1785,negative
0.385,0.1455,negative
0.355,0.1275,negative
0.345,0.116,negative
0.42,0.1795,negative
0.42,0.2035,negative
0.385,0.2365,negative
0.42,0.1845,negative
0.41,0.213,negative
0.45,0.2605,negative
0.435,0.192,negative
0.44,0.238,negative
0.485,0.356,negative
0.465,0.262,negative
0.47,0.3375,negative
0.42,0.209,negative
0.43,0.231,negative
0.48,0.372,negative
0.495,0.339,negative
0.5,0.32,negative
0.525,0.4275,negative
0.55,0.49,negative
0.57,0.488,negative
0.54,0.462,negative
0.49,0.2725,negative
0.575,0.602,negative
0.43,0.22,negative
0.57,0.6585,negative
0.39,0.175,negative
0.555,0.4935,negative
0.425,0.245,negative
0.385,0.21,negative
0.585,0.479,negative
0.5,0.28,negative
0.3,0.095,negative
0.33,0.125,negative
0.35,0.175,negative
0.29,0.085,negative
0.31,0.115,negative
0.38,0.215,positive
0.31,0.095,negative
0.39,0.22,negative
0.305,0.095,negative
0.385,0.165,negative
0.55,0.6,negative
0.535,0.885,negative
0.49,0.335,negative
0.25,0.045,negative
0.355,0.125,negative
0.405,0.175,negative
0.29,0.08,negative
0.095,0.0035,negative
0.13,0.009,negative
0.225,0.045,negative
0.29,0.08,negative
0.29,0.085,negative
0.37,0.145,negative
0.38,0.185,negative
0.325,0.11,negative
0.35,0.13,negative
0.36,0.145,negative
0.21,0.035,negative
0.48,0.285,negative
0.455,0.365,negative
0.375,0.15,negative
0.51,0.4,negative
0.47,0.245,negative
0.455,0.295,negative
0.31,0.085,negative
0.41,0.215,negative
0.24,0.055,negative
0.35,0.13,negative
0.33,0.12,negative
0.4,0.185,negative
0.295,0.09,negative
0.465,0.295,negative
0.425,0.335,negative
0.36,0.16,negative
0.53,0.465,negative
0.35,0.125,negative
0.24,0.05,negative
0.37,0.155,negative
0.425,0.18,negative
0.455,0.31,negative
0.35,0.135,negative
0.325,0.11,negative
0.35,0.185,negative
0.375,0.17,negative
0.195,0.036,negative
0.355,0.1505,negative
0.31,0.115,negative
0.585,0.5855,negative
0.3,0.0935,negative
0.2,0.035,negative
0.44,0.265,negative
0.46,0.435,negative
0.5,0.49,negative
0.495,0.725,negative
0.42,0.285,negative
0.51,0.41,negative
0.55,0.57,positive
0.565,0.49,negative
0.45,0.3,negative
0.28,0.085,negative
0.275,0.07,negative
0.565,0.885,negative
0.47,0.29,negative
0.21,0.04,negative
0.13,0.01,negative
0.15,0.01,negative
0.465,0.23,negative
0.5,0.355,negative
0.45,0.35,negative
0.45,0.405,negative
0.45,0.395,negative
0.48,0.34,negative
0.47,0.445,negative
0.42,0.445,negative
0.42,0.26,negative
0.43,0.355,negative
0.4,0.35,negative
0.235,0.045,negative
0.34,0.13,negative
0.4,0.185,negative
0.385,0.26,negative
0.305,0.095,negative
0.235,0.045,negative
0.115,0.005,negative
0.37,0.17,negative
0.37,0.195,negative
0.47,0.315,negative
0.495,0.455,negative
0.485,0.3,negative
0.325,0.12,negative
0.215,0.045,negative
0.28,0.07,negative
0.305,0.125,negative
0.17,0.02,negative
0.55,0.585,negative
0.19,0.03,negative
0.515,0.44,negative
0.49,0.51,negative
0.345,0.13,negative
0.225,0.04,negative
0.22,0.042,negative
0.34,0.135,negative
0.525,0.665,negative
0.465,0.525,negative
0.405,0.295,positive
0.495,0.52,negative
0.51,0.57,negative
0.325,0.155,negative
0.35,0.175,negative
0.48,0.47,negative
0.415,0.25,negative
0.39,0.27,negative
0.375,0.19,negative
0.46,0.2,negative
0.465,0.385,negative
0.525,0.53,negative
0.455,0.39,negative
0.425,0.265,negative
0.475,0.28,negative
0.28,0.08,negative
0.2,0.03,negative
0.39,0.215,negative
0.28,0.075,negative
0.43,0.275,negative
0.4,0.25,negative
0.445,0.295,negative
0.475,0.35,negative
0.45,0.295,negative
0.48,0.415,negative
0.435,0.33,negative
0.465,0.4,negative
0.335,0.11,negative
0.36,0.16,negative
0.505,0.61,negative
0.47,0.35,negative
0.26,0.065,negative
0.315,0.125,negative
0.32,0.125,negative
0.38,0.185,negative
0.36,0.165,negative
0.28,0.085,negative
0.325,0.105,negative
0.365,0.15,negative
0.27,0.075,negative
0.455,0.315,negative
0.59,0.415,negative
0.46,0.38,negative
0.5,0.36,negative
0.495,0.53,negative
0.395,0.24,negative
0.38,0.175,negative
0.415,0.285,negative
0.335,0.135,negative
0.465,0.295,negative
0.46,0.32,negative
0.43,0.27,negative
0.455,0.3,negative
0.51,0.32,negative
0.45,0.345,negative
0.575,0.62,negative
0.51,0.36,negative
0.48,0.42,negative
0.445,0.295,negative
0.375,0.205,negative
0.485,0.38,negative
0.45,0.255,negative
0.41,0.25,negative
0.57,0.685,negative
0.475,0.32,negative
0.525,0.445,negative
0.51,0.58,negative
0.52,0.37,negative
0.405,0.195,negative
0.375,0.155,negative
0.48,0.355,negative
0.415,0.185,negative
0.385,0.175,negative
0.345,0.125,negative
0.475,0.425,positive
0.395,0.195,negative
0.405,0.17,negative
0.315,0.1,negative
0.33,0.1,negative
0.27,0.065,negative
0.375,0.185,negative
0.305,0.1,negative
0.26,0.055,negative
0.265,0.06,negative
0.415,0.285,negative
0.475,0.285,negative
0.3,0.095,negative
0.325,0.125,negative
0.425,0.22,negative
0.45,0.25,negative
0.425,0.23,negative
0.375,0.195,negative
0.455,0.265,negative
0.49,0.285,negative
0.415,0.26,negative
0.5,0.365,negative
0.375,0.23,negative
0.355,0.175,negative
0.375,0.195,negative
0.35,0.125,negative
0.265,0.085,negative
0.24,0.04,negative
0.47,0.34,negative
0.475,0.275,negative
0.435,0.27,negative
0.435,0.25,negative
0.42,0.29,negative
0.385,0.2,negative
0.36,0.17,negative
0.385,0.165,negative
0.405,0.21,negative
0.395,0.205,negative
0.31,0.095,negative
0.395,0.215,negative
0.435,0.22,negative
0.325,0.095,negative
0.535,0.475,negative
0.425,0.24,negative
0.39,0.255,negative
0.345,0.115,negative
0.46,0.335,negative
0.42,0.215,negative
0.55,0.445,negative
0.63,0.62,negative
0.49,0.36,negative
0.48,0.275,negative
0.455,0.245,negative
0.305,0.1,negative
0.52,0.455,negative
0.395,0.2,negative
0.47,0.25,negative
0.185,0.025,negative
0.485,0.485,negative
0.24,0.045,negative
0.125,0.008,negative
0.345,0.12,negative
0.565,0.565,negative
0.43,0.263,negative
0.4,0.2175,negative
0.43,0.2515,negative
0.36,0.149,negative
0.435,0.216,negative
0.475,0.27,positive
0.53,0.42,negative
0.56,0.525,negative
0.495,0.31,negative
0.44,0.28,negative
0.47,0.4,negative
0.455,0.25,negative
0.485,0.515,negative
0.525,0.505,negative
0.44,0.265,negative
0.45,0.25,negative
0.525,0.41,negative
0.475,0.305,negative
0.47,0.29,negative
0.505,0.315,negative
0.57,0.5,positive
0.545,0.48,negative
0.595,0.66,negative
0.44,0.3,negative
0.325,0.105,negative
0.55,0.4,negative
0.335,0.135,negative
0.275,0.07,negative
0.325,0.11,negative
0.125,0.01,negative
0.405,0.185,negative
0.34,0.109,negative
0.41,0.1815,negative
0.325,0.106,negative
0.265,0.0735,negative
0.135,0.01,negative
0.115,0.0075,negative
0.43,0.215,negative
0.39,0.21,negative
0.345,0.132,negative
0.345,0.14,negative
0.365,0.177,negative
0.35,0.1525,negative
0.375,0.2215,negative
0.34,0.144,negative
0.35,0.1335,negative
0.29,0.069,negative
0.25,0.0605,negative
0.22,0.043,negative
0.46,0.38,negative
0.475,0.32,negative
0.465,0.35,negative
0.505,0.435,negative
0.385,0.19,negative
0.415,0.195,negative
0.43,0.235,negative
0.33,0.17,negative
0.355,0.14,negative
0.225,0.045,negative
0.455,0.3,negative
0.515,0.315,negative
0.46,0.32,negative
0.43,0.395,negative
0.485,0.33,negative
0.375,0.167,negative
0.5,0.36,negative
0.38,0.17,negative
0.395,0.1785,negative
0.245,0.048,negative
0.235,0.04,negative
0.305,0.0955,negative
0.35,0.155,negative
0.36,0.16,negative
0.315,0.113,negative
0.255,0.06,negative
0.315,0.13,negative
0.415,0.26,negative
0.365,0.1475,negative
0.315,0.095,negative
0.2,0.03,negative
0.45,0.26,negative
0.435,0.285,negative
0.19,0.03,negative
0.385,0.18,negative
0.255,0.07,negative
0.38,0.185,negative
0.5,0.485,negative
0.485,0.38,negative
0.515,0.555,negative
0.5,0.49,negative
0.38,0.22,negative
0.4,0.3,negative
0.24,0.055,negative
0.4,0.28,negative
0.255,0.06,negative
0.355,0.145,negative
0.335,0.14,negative
0.415,0.255,negative
0.355,0.145,negative
0.355,0.14,negative
0.38,0.18,negative
0.435,0.28,negative
0.33,0.145,negative
0.26,0.06,negative
0.305,0.096,negative
0.265,0.06,negative
0.205,0.03,negative
0.17,0.022,negative
0.2,0.027,negative
0.18,0.0225,negative
0.185,0.0225,negative
0.145,0.011,negative
0.2,0.032,negative
0.47,0.358,negative
0.285,0.0835,negative
0.35,0.19,negative
0.385,0.27,negative
0.325,0.13,negative
0.39,0.18,negative
0.325,0.105,negative
0.275,0.07,negative
0.415,0.235,negative
0.415,0.24,negative
0.405,0.315,negative
0.405,0.215,negative
0.475,0.24,negative
0.44,0.375,negative
0.515,0.385,negative
0.47,0.32,negative
0.49,0.31,negative
0.455,0.28,negative
0.485,0.38,negative
0.42,0.34,negative
0.355,0.135,negative
0.44,0.2115,negative
0.425,0.24,negative
0.285,0.08,negative
0.4,0.21,negative
0.415,0.275,negative
0.36,0.235,negative
0.26,0.065,negative
0.4,0.2515,negative
0.51,0.3065,negative
0.385,0.204,negative
0.39,0.1835,negative
0.325,0.113,negative
0.395,0.3205,negative
0.38,0.187,negative
0.31,0.085,negative
0.305,0.105,negative
0.36,0.225,negative
0.4,0.17,negative
0.4,0.285,negative
0.26,0.07,negative
0.21,0.033,negative
0.23,0.0345,negative
0.24,0.083,negative
0.4,0.25,negative
0.41,0.355,positive
0.39,0.2,negative
0.325,0.114,negative
0.315,0.095,negative
0.255,0.0525,negative
0.3,0.044,negative
0.31,0.105,negative
0.375,0.1505,negative
0.315,0.093,negative
0.375,0.135,negative
0.32,0.0945,negative
0.365,0.1625,negative
0.4,0.211,negative
0.37,0.161,negative
0.39,0.172,negative
0.425,0.199,negative
0.35,0.175,negative
0.44,0.2485,negative
0.46,0.325,negative
0.37,0.163,negative
0.42,0.2235,negative
0.455,0.292,negative
0.49,0.361,negative
0.48,0.335,negative
0.475,0.3175,negative
0.45,0.2625,negative
0.5,0.35,negative
0.485,0.288,negative
0.49,0.33,negative
0.5,0.431,negative
0.475,0.309,negative
0.545,0.513,negative
0.5,0.384,negative
0.525,0.4065,negative
0.555,0.4535,negative
0.535,0.54,negative
0.55,0.474,negative
0.55,0.4395,negative
0.585,0.471,negative
0.53,0.6095,negative
0.525,0.43,negative
0.57,0.435,negative
0.15,0.013,negative
0.18,0.02,negative
0.195,0.0255,negative
0.21,0.031,negative
0.17,0.016,negative
0.22,0.03,negative
0.22,0.035,negative
0.225,0.0365,negative
0.235,0.047,negative
0.265,0.07,negative
0.29,0.07,negative
0.285,0.07,negative
0.295,0.08,negative
0.31,0.088,negative
0.325,0.095,negative
0.335,0.111,negative
0.345,0.1305,negative
0.325,0.11,negative
0.35,0.1325,negative
0.35,0.118,negative
0.35,0.1375,negative
0.345,0.107,negative
0.35,0.1165,negative
0.34,0.1225,negative
0.345,0.111,negative
0.355,0.12,negative
0.355,0.125,negative
0.355,0.12,negative
0.38,0.1325,negative
0.385,0.185,negative
0.395,0.172,negative
0.415,0.202,negative
0.425,0.195,negative
0.42,0.1505,negative
0.41,0.1835,negative
0.405,0.215,negative
0.435,0.213,negative
0.425,0.215,negative
0.425,0.24,negative
0.445,0.2505,negative
0.435,0.2295,negative
0.45,0.259,negative
0.445,0.2425,negative
0.45,0.2335,negative
0.385,0.136,negative
0.465,0.263,negative
0.375,0.1485,negative
0.37,0.135,negative
0.465,0.287,negative
0.47,0.31,negative
0.465,0.289,negative
0.46,0.248,negative
0.46,0.29,negative
0.46,0.29,negative
0.48,0.264,negative
0.485,0.315,negative
0.5,0.355,negative
0.47,0.292,negative
0.485,0.345,negative
0.51,0.3225,negative
0.475,0.3275,negative
0.48,0.3385,negative
0.495,0.2885,negative
0.48,0.35,negative
0.495,0.37,negative
0.495,0.37,negative
0.49,0.3165,negative
0.5,0.3775,negative
0.49,0.3185,negative
0.49,0.3595,negative
0.52,0.391,negative
0.545,0.498,negative
0.54,0.4325,negative
0.55,0.4175,negative
0.525,0.505,negative
0.575,0.5165,negative
0.495,0.38,negative
0.5,0.341,negative
0.56,0.624,negative
0.585,0.5335,negative
0.6,0.584,negative
0.16,0.015,negative
0.205,0.0315,negative
0.21,0.035,negative
0.24,0.048,negative
0.29,0.075,negative
0.285,0.0715,negative
0.315,0.095,negative
0.33,0.103,negative
0.34,0.094,negative
0.32,0.09,negative
0.34,0.103,negative
0.335,0.113,negative
0.345,0.125,negative
0.37,0.1345,negative
0.365,0.123,negative
0.355,0.1185,negative
0.375,0.1455,negative
0.375,0.13,negative
0.375,0.157,negative
0.38,0.15,negative
0.38,0.136,negative
0.39,0.1605,negative
0.38,0.145,negative
0.4,0.168,negative
0.4,0.178,negative
0.395,0.175,negative
0.395,0.167,negative
0.385,0.1725,negative
0.43,0.201,negative
0.42,0.205,negative
0.42,0.17,negative
0.4,0.18,negative
0.42,0.1755,negative
0.44,0.185,negative
0.425,0.2105,negative
0.43,0.213,negative
0.45,0.255,negative
0.45,0.25,negative
0.43,0.2285,negative
0.48,0.248,negative
0.455,0.225,negative
0.45,0.225,negative
0.47,0.249,negative
0.435,0.2245,negative
0.46,0.26,negative
0.46,0.2565,negative
0.465,0.265,negative
0.47,0.3345,negative
0.46,0.227,negative
0.49,0.491,negative
0.475,0.2345,negative
0.48,0.293,negative
0.45,0.2505,negative
0.47,0.246,negative
0.48,0.305,negative
0.49,0.31,negative
0.475,0.2725,negative
0.495,0.345,negative
0.49,0.3095,negative
0.48,0.327,negative
0.465,0.176,negative
0.505,0.37,negative
0.51,0.375,negative
0.515,0.335,negative
0.48,0.285,negative
0.52,0.317,negative
0.52,0.336,negative
0.515,0.3275,negative
0.535,0.344,negative
0.49,0.3055,negative
0.51,0.335,negative
0.515,0.3755,negative
0.505,0.36,negative
0.51,0.3935,negative
0.5,0.351,negative
0.55,0.412,negative
0.52,0.406,negative
0.53,0.4025,negative
0.55,0.4405,negative
0.525,0.47,negative
0.53,0.405,negative
0.57,0.488,negative
0.55,0.5085,negative
0.575,0.471,negative
0.555,0.5285,negative
0.15,0.0105,negative
0.14,0.0105,negative
0.175,0.02,negative
0.215,0.031,negative
0.25,0.0575,negative
0.245,0.053,negative
0.255,0.06,negative
0.255,0.058,negative
0.26,0.06,negative
0.29,0.0825,negative
0.275,0.058,negative
0.275,0.066,negative
0.3,0.081,negative
0.285,0.068,negative
0.32,0.09,negative
0.305,0.0865,negative
0.305,0.091,negative
0.31,0.0995,negative
0.305,0.085,negative
0.3,0.0765,negative
0.315,0.1,negative
0.325,0.101,negative
0.335,0.105,negative
0.325,0.1,negative
0.315,0.1015,negative
0.34,0.105,negative
0.36,0.14,negative
0.325,0.1155,negative
0.34,0.1315,negative
0.335,0.1185,negative
0.35,0.123,negative
0.345,0.11,negative
0.355,0.1325,negative
0.375,0.172,negative
0.38,0.16,negative
0.365,0.2305,negative
0.365,0.1615,negative
0.385,0.21,negative
0.38,0.165,negative
0.385,0.1805,negative
0.41,0.2,negative
0.395,0.162,negative
0.39,0.1615,negative
0.385,0.195,negative
0.415,0.199,negative
0.4,0.2,negative
0.375,0.19,negative
0.43,0.245,negative
0.44,0.275,negative
0.43,0.225,negative
0.425,0.236,negative
0.42,0.205,negative
0.425,0.203,negative
0.465,0.2435,negative
0.435,0.24,negative
0.445,0.2785,negative
0.44,0.245,negative
0.435,0.251,negative
0.43,0.29,negative
0.445,0.265,negative
0.44,0.3265,negative
0.435,0.23,negative
0.465,0.25,negative
0.425,0.2705,negative
0.46,0.295,negative
0.42,0.22,negative
0.465,0.274,negative
0.47,0.254,negative
0.455,0.225,negative
0.475,0.275,negative
0.475,0.278,negative
0.48,0.28,negative
0.495,0.367,negative
0.45,0.24,negative
0.48,0.29,negative
0.51,0.315,negative
0.45,0.272,negative
0.46,0.2745,negative
0.465,0.307,negative
0.48,0.324,negative
0.5,0.295,negative
0.49,0.3465,negative
0.505,0.34,negative
0.475,0.265,negative
0.525,0.465,negative
0.505,0.346,negative
0.47,0.3115,negative
0.495,0.285,negative
0.485,0.3175,negative
0.52,0.365,negative
0.495,0.2875,negative
0.515,0.175,negative
0.51,0.45,negative
0.505,0.3745,negative
0.525,0.422,negative
0.525,0.475,negative
0.54,0.4865,negative
0.54,0.461,negative
0.565,0.45,negative
0.55,0.404,negative
0.57,0.52,negative
0.17,0.0155,negative
0.195,0.021,negative
0.2,0.026,negative
0.24,0.043,negative
0.235,0.042,negative
0.225,0.0425,negative
0.27,0.056,negative
0.265,0.0585,negative
0.285,0.0675,negative
0.29,0.077,negative
0.335,0.1095,negative
0.35,0.1115,negative
0.365,0.123,negative
0.375,0.1405,negative
0.365,0.1535,negative
0.4,0.1985,negative
0.375,0.16,negative
0.395,0.1895,negative
0.43,0.1815,negative
0.405,0.189,negative
0.42,0.21,negative
0.415,0.2035,negative
0.425,0.1965,negative
0.42,0.25,negative
0.445,0.27,negative
0.445,0.2325,negative
0.485,0.31,negative
0.47,0.2595,negative
0.435,0.31,negative
0.455,0.2765,negative
0.475,0.285,negative
0.475,0.26,negative
0.45,0.307,negative
0.48,0.287,negative
0.475,0.337,negative
0.5,0.25,negative
0.485,0.3485,negative
0.49,0.294,negative
0.485,0.3,negative
0.49,0.299,negative
0.51,0.4105,negative
0.49,0.319,negative
0.525,0.405,negative
0.515,0.385,negative
0.515,0.331,negative
0.515,0.371,negative
0.565,0.3875,negative
0.54,0.4755,negative
0.57,0.5315,negative
0.55,0.435,negative
0.565,0.4945,negative
0.23,0.038,negative
0.595,0.505,negative
0.235,0.0405,negative
0.205,0.0495,negative
0.25,0.0455,negative
0.26,0.056,negative
0.28,0.058,negative
0.27,0.065,negative
0.28,0.072,negative
0.315,0.088,negative
0.34,0.115,negative
0.305,0.09,negative
0.335,0.115,negative
0.31,0.0855,negative
0.35,0.131,negative
0.36,0.16,negative
0.385,0.174,negative
0.375,0.1545,negative
0.375,0.161,negative
0.425,0.2,negative
0.37,0.152,negative
0.365,0.15,negative
0.4,0.177,negative
0.4,0.204,negative
0.4,0.16,negative
0.465,0.255,negative
0.39,0.1755,negative
0.4,0.17,negative
0.38,0.185,negative
0.405,0.2525,negative
0.445,0.24,negative
0.425,0.246,negative
0.415,0.1765,negative
0.43,0.2055,negative
0.435,0.244,negative
0.43,0.208,negative
0.425,0.21,negative
0.43,0.2175,negative
0.435,0.2265,negative
0.435,0.222,negative
0.425,0.228,negative
0.455,0.246,negative
0.45,0.23,negative
0.465,0.29,negative
0.46,0.305,negative
0.45,0.248,negative
0.45,0.2895,negative
0.445,0.287,negative
0.44,0.195,negative
0.45,0.26,negative
0.5,0.345,negative
0.46,0.238,negative
0.475,0.259,negative
0.445,0.253,negative
0.48,0.3135,negative
0.47,0.265,negative
0.46,0.265,negative
0.45,0.3605,negative
0.465,0.315,negative
0.45,0.2775,negative
0.495,0.335,negative
0.49,0.3745,negative
0.48,0.3,negative
0.425,0.274,negative
0.47,0.398,negative
0.48,0.2915,negative
0.49,0.2915,negative
0.475,0.3165,negative
0.515,0.29,negative
0.455,0.2615,negative
0.495,0.3185,negative
0.475,0.277,negative
0.475,0.3745,negative
0.495,0.3525,negative
0.515,0.3115,negative
0.5,0.355,negative
0.49,0.233,negative
0.49,0.28,negative
0.51,0.348,negative
0.485,0.34,negative
0.48,0.3885,negative
0.485,0.406,negative
0.53,0.315,negative
0.52,0.367,negative
0.485,0.355,negative
0.505,0.363,negative
0.575,0.4395,negative
0.515,0.345,negative
0.5,0.352,negative
0.485,0.293,negative
0.495,0.445,negative
0.5,0.4535,negative
0.52,0.317,negative
0.565,0.43,negative
0.525,0.3605,negative
0.52,0.47,negative
0.51,0.325,negative
0.515,0.405,negative
0.525,0.394,negative
0.485,0.386,negative
0.525,0.44,negative
0.525,0.387,negative
0.525,0.425,negative
0.54,0.365,negative
0.515,0.325,negative
0.505,0.355,negative
0.515,0.341,negative
0.55,0.44,negative
0.505,0.41,negative
0.58,0.5305,negative
0.59,0.625,negative
0.575,0.495,negative
0.215,0.0885,negative
0.345,0.109,negative
0.33,0.097,negative
0.355,0.2505,negative
0.365,0.313,negative
0.37,0.141,negative
0.38,0.1515,negative
0.37,0.343,negative
0.41,0.177,negative
0.4,0.2875,negative
0.4,0.2055,negative
0.405,0.337,negative
0.405,0.389,negative
0.425,0.1965,negative
0.425,0.1975,negative
0.44,0.2925,negative
0.485,0.276,negative
0.43,0.2725,negative
0.43,0.41,negative
0.475,0.322,negative
0.485,0.33,negative
0.49,0.2925,negative
0.5,0.3315,negative
0.51,0.354,negative
0.525,0.363,negative
0.485,0.2835,negative
0.495,0.266,negative
0.505,0.416,negative
0.505,0.326,negative
0.515,0.37,negative
0.54,0.437,negative
0.545,0.3685,negative
0.585,0.563,negative
0.615,0.726,negative
0.185,0.02,negative
0.26,0.07,negative
0.285,0.08,negative
0.3,0.084,negative
0.28,0.079,negative
0.3,0.075,negative
0.32,0.0945,negative
0.335,0.1135,negative
0.325,0.115,negative
0.32,0.12,negative
0.33,0.1245,negative
0.34,0.1345,negative
0.355,0.135,negative
0.37,0.1455,negative
0.375,0.162,negative
0.375,0.16,negative
0.33,0.15,negative
0.375,0.15,negative
0.38,0.209,negative
0.385,0.165,negative
0.41,0.196,negative
0.395,0.186,negative
0.4,0.18,negative
0.42,0.237,negative
0.41,0.159,negative
0.42,0.38,negative
0.405,0.21,negative
0.445,0.265,negative
0.45,0.264,negative
0.44,0.2475,negative
0.45,0.2845,negative
0.47,0.2315,negative
0.47,0.276,negative
0.43,0.22,negative
0.445,0.237,negative
0.445,0.24,negative
0.435,0.2425,negative
0.45,0.335,negative
0.435,0.235,negative
0.47,0.289,negative
0.405,0.245,negative
0.47,0.5,negative
0.48,0.289,negative
0.46,0.2875,negative
0.45,0.291,negative
0.45,0.255,negative
0.495,0.384,negative
0.485,0.29,negative
0.49,0.343,negative
0.475,0.3075,negative
0.515,0.355,negative
0.515,0.37,negative
0.495,0.4695,negative
0.505,0.3825,negative
0.49,0.3155,negative
0.5,0.387,negative
0.485,0.3015,negative
0.5,0.3355,negative
0.505,0.395,negative
0.51,0.364,negative
0.54,0.42,negative
0.49,0.3225,negative
0.455,0.3415,negative
0.53,0.401,negative
0.52,0.406,negative
0.525,0.4485,negative
0.52,0.385,negative
0.56,0.545,negative
0.51,0.4055,negative
0.535,0.471,negative
0.55,0.5965,negative
0.56,0.4625,negative
0.575,0.48,negative
0.185,0.025,negative
0.27,0.0595,negative
0.31,0.093,negative
0.555,0.455,negative
0.17,0.017,negative
0.355,0.174,negative
0.38,0.1545,negative
0.395,0.188,negative
0.32,0.0725,negative
0.35,0.1305,negative
0.17,0.016,negative
0.43,0.235,negative
0.415,0.1345,negative
0.43,0.221,negative
0.48,0.2505,negative
0.43,0.121,negative
0.455,0.277,negative
0.465,0.3055,negative
0.5,0.439,negative
0.4,0.184,negative
0.525,0.421,negative
0.215,0.032,negative
0.22,0.0315,negative
0.275,0.068,negative
0.285,0.0725,negative
0.29,0.075,negative
0.395,0.161,negative
0.435,0.345,negative
0.325,0.103,negative
0.34,0.101,negative
0.34,0.1185,negative
0.405,0.1455,negative
0.36,0.1385,negative
0.415,0.203,negative
0.4,0.208,negative
0.3,0.0895,negative
0.32,0.094,negative
0.42,0.2315,negative
0.45,0.2365,negative
0.45,0.236,negative
0.46,0.323,negative
0.495,0.3245,negative
0.485,0.352,negative
0.495,0.1625,negative
0.49,0.3105,negative
0.515,0.316,negative
0.505,0.3815,negative
0.53,0.3725,negative
0.39,0.185,negative
0.325,0.1175,negative
0.4,0.223,negative
0.36,0.19,negative
0.35,0.185,negative
0.42,0.265,negative
0.36,0.19,negative
0.4,0.23,negative
0.26,0.065,negative
0.425,0.2185,negative
0.425,0.48,negative
0.135,0.01,negative
0.165,0.0185,negative
0.42,0.245,negative
0.45,0.315,negative
0.5,0.345,negative
0.15,0.0065,negative
0.54,0.71,negative
0.48,0.355,negative
0.5,0.725,negative
0.53,0.6855,negative
0.505,0.396,negative
0.375,0.13,negative
0.335,0.135,negative
0.41,0.175,negative
0.395,0.175,negative
0.35,0.12,negative
0.44,0.3,negative
0.435,0.215,negative
0.255,0.05,negative
0.2,0.035,negative
0.22,0.05,negative
0.49,0.375,negative
0.44,0.245,negative
0.41,0.22,negative
0.475,0.3805,negative
0.54,0.475,negative
0.49,0.295,negative
0.47,0.31,negative
0.45,0.35,negative
0.465,0.285,negative
0.405,0.28,negative
0.405,0.18,negative
0.265,0.065,negative
0.355,0.145,negative
0.405,0.235,negative
0.38,0.165,negative
0.41,0.195,negative
0.3,0.0775,negative
0.195,0.034,negative
0.295,0.0835,negative
0.385,0.206,negative
0.505,0.52,negative
0.44,0.29,negative
0.545,0.575,negative
0.415,0.235,negative
0.36,0.13,negative
0.385,0.17,negative
0.575,0.665,negative
0.405,0.24,negative
0.145,0.01,negative
0.515,0.405,negative
0.405,0.2,negative
0.435,0.31,negative
0.47,0.32,negative
0.245,0.045,negative
0.405,0.38,negative
0.235,0.05,negative
0.335,0.16,negative
0.38,0.18,negative
0.405,0.215,negative
0.3,0.08,negative
0.505,0.41,negative
0.53,0.49,negative
0.215,0.04,negative
0.38,0.175,negative
0.25,0.06,negative
0.34,0.146,negative
0.45,0.265,negative
0.485,0.51,negative
0.265,0.07,negative
0.48,0.335,negative
0.46,0.325,negative
0.42,0.21,negative
0.495,0.315,negative
0.485,0.37,negative
0.51,0.545,negative
0.34,0.125,negative
0.505,0.365,negative
0.525,0.465,negative
0.4,0.21,negative
0.305,0.1,negative
0.435,0.355,negative
0.415,0.255,negative
0.525,0.47,negative
0.35,0.115,negative
0.32,0.119,negative
0.35,0.145,negative
0.325,0.115,negative
0.505,0.4,negative
0.455,0.275,negative
0.325,0.125,negative
0.41,0.265,negative
0.48,0.365,negative
0.535,0.485,negative
0.485,0.42,negative
0.285,0.075,negative
0.51,0.315,negative
0.53,0.43,negative
0.54,0.47,negative
0.435,0.29,negative
0.525,0.395,negative
0.48,0.42,negative
0.51,0.37,negative
0.555,0.515,positive
0.55,0.44,negative
0.435,0.295,negative
0.495,0.365,negative
0.5,0.275,negative
0.24,0.05,negative
0.375,0.185,negative
0.35,0.145,negative
0.38,0.175,negative
0.35,0.11,negative
0.35,0.13,negative
0.23,0.045,negative
0.48,0.29,negative
0.385,0.185,negative
0.375,0.165,negative
0.505,0.39,negative
0.435,0.29,negative
0.52,0.37,negative
0.485,0.33,negative
0.45,0.29,negative
0.5,0.285,negative
0.38,0.16,negative
0.385,0.185,negative
0.335,0.12,negative
0.31,0.115,negative
0.465,0.31,negative
0.475,0.24,negative
0.36,0.145,negative
0.425,0.255,negative
0.405,0.25,negative
0.375,0.175,negative
0.355,0.13,negative
0.385,0.17,negative
0.39,0.215,negative
0.415,0.22,negative
0.53,0.565,negative
0.54,0.555,negative
0.45,0.22,negative
0.475,0.305,negative
0.475,0.28,negative
0.44,0.26,negative
0.57,0.405,negative
0.51,0.315,negative
0.46,0.205,negative
0.475,0.27,negative
0.42,0.225,negative
0.395,0.193,negative
0.405,0.193,negative
0.375,0.178,negative
0.455,0.295,negative
0.5,0.345,negative
0.45,0.22,negative
0.485,0.33,negative
0.485,0.405,negative
0.5,0.39,negative
0.525,0.49,negative
0.5,0.395,negative
0.5,0.39,negative
0.575,0.52,negative
0.45,0.265,negative
0.435,0.22,negative
0.445,0.355,negative
0.3,0.08,negative
0.325,0.11,negative
0.2,0.03,negative
0.355,0.135,negative
0.485,0.355,negative
0.38,0.155,negative
0.41,0.215,negative
0.31,0.1,negative
0.26,0.0655,negative
0.355,0.1125,negative
0.35,0.184,negative
0.2,0.03,negative
0.125,0.008,negative
0.425,0.25,negative
0.555,0.52,positive
0.385,0.175,negative
0.37,0.1595,negative
0.3,0.098,negative
0.28,0.0725,negative
0.265,0.0485,negative
0.415,0.28,negative
0.48,0.425,negative
0.475,0.275,negative
0.435,0.225,negative
0.305,0.08,negative
0.34,0.2,negative
0.36,0.145,negative
0.34,0.2,negative
0.3,0.085,negative
0.325,0.14,negative
0.35,0.145,negative
0.525,0.42,negative
0.525,0.58,negative
0.475,0.275,negative
0.435,0.264,negative
0.39,0.1845,negative
0.33,0.112,negative
0.365,0.1345,negative
0.38,0.212,negative
0.38,0.23,negative
0.4,0.198,negative
0.32,0.104,negative
0.385,0.165,negative
0.375,0.17,negative
0.345,0.18,negative
0.38,0.185,negative
0.405,0.205,negative
0.365,0.158,negative
0.36,0.125,negative
0.34,0.13,negative
0.3,0.085,negative
0.285,0.07,negative
0.215,0.035,negative
0.445,0.315,negative
0.44,0.335,positive
0.315,0.09,negative
0.3,0.09,negative
0.405,0.19,negative
0.245,0.055,negative
0.21,0.03,negative
0.31,0.12,negative
0.465,0.375,negative
0.48,0.335,negative
0.46,0.37,negative
0.345,0.135,negative
0.235,0.055,negative
0.33,0.195,negative
0.375,0.155,negative
0.405,0.29,positive
0.33,0.125,negative
0.235,0.04,negative
0.255,0.057,negative
0.19,0.031,negative
0.21,0.031,negative
0.13,0.009,negative
0.435,0.325,positive
0.4,0.19,negative
0.375,0.22,negative
0.225,0.045,negative
0.35,0.125,negative
0.4,0.26,negative
0.41,0.31,negative
0.535,0.335,negative
0.465,0.33,negative
0.44,0.26,negative
0.515,0.41,positive
0.42,0.305,negative
0.48,0.3,negative
0.435,0.32,negative
0.45,0.385,negative
0.475,0.34,negative
0.375,0.1945,negative
0.285,0.07,negative
0.35,0.13,negative
0.43,0.25,negative
0.395,0.2495,negative
0.345,0.215,negative
0.265,0.075,negative
0.28,0.075,negative
0.25,0.05,negative
0.28,0.064,negative
0.265,0.053,negative
0.315,0.09,negative
0.31,0.093,negative
0.31,0.0915,negative
0.32,0.1,negative
0.355,0.184,negative
0.395,0.185,negative
0.37,0.148,negative
0.465,0.337,negative
0.45,0.218,negative
0.46,0.265,negative
0.48,0.371,negative
0.47,0.28,negative
0.475,0.37,negative
0.475,0.292,negative
0.47,0.2785,negative
0.475,0.316,negative
0.51,0.409,negative
0.545,0.43,negative
0.55,0.5,negative
0.605,0.5235,negative
0.18,0.0215,negative
0.21,0.03,negative
0.24,0.045,negative
0.265,0.06,negative
0.27,0.065,negative
0.27,0.063,negative
0.28,0.0645,negative
0.285,0.075,negative
0.275,0.075,negative
0.3,0.075,negative
0.335,0.09,negative
0.35,0.131,negative
0.37,0.14,negative
0.355,0.126,negative
0.37,0.135,negative
0.37,0.13,negative
0.4,0.145,negative
0.4,0.1645,negative
0.385,0.151,negative
0.39,0.146,negative
0.39,0.161,negative
0.395,0.2,negative
0.44,0.1915,negative
0.44,0.25,negative
0.44,0.2155,negative
0.42,0.225,negative
0.46,0.2815,negative
0.475,0.31,negative
0.48,0.315,negative
0.495,0.3455,negative
0.47,0.29,negative
0.505,0.365,negative
0.485,0.2825,negative
0.495,0.345,negative
0.47,0.405,negative
0.485,0.475,negative
0.495,0.295,negative
0.48,0.353,negative
0.5,0.354,negative
0.525,0.372,negative
0.52,0.4265,negative
0.585,0.565,negative
0.565,0.529,negative
0.58,0.4375,negative
0.12,0.014,negative
0.15,0.013,negative
0.265,0.06,negative
0.315,0.0765,negative
0.29,0.0815,negative
0.3,0.075,negative
0.335,0.1,negative
0.34,0.12,negative
0.33,0.09,negative
0.345,0.109,negative
0.355,0.123,negative
0.355,0.139,negative
0.42,0.1845,negative
0.37,0.128,negative
0.475,0.3065,negative
0.38,0.1535,negative
0.405,0.1485,negative
0.42,0.183,negative
0.42,0.2185,negative
0.44,0.27,negative
0.44,0.23,negative
0.44,0.23,negative
0.43,0.2215,negative
0.415,0.1955,negative
0.44,0.225,negative
0.45,0.22,negative
0.46,0.255,negative
0.47,0.289,negative
0.41,0.268,negative
0.475,0.335,negative
0.47,0.325,negative
0.49,0.348,negative
0.51,0.322,negative
0.495,0.3135,negative
0.47,0.271,negative
0.5,0.32,negative
0.475,0.288,negative
0.52,0.355,negative
0.505,0.38,negative
0.52,0.355,negative
0.5,0.4085,negative
0.54,0.385,negative
0.525,0.43,negative
0.525,0.42,negative
0.575,0.461,negative
0.56,0.398,negative
0.57,0.4535,negative
0.545,0.449,negative
0.205,0.0305,negative
0.24,0.038,negative
0.23,0.0505,negative
0.545,0.468,negative
0.15,0.0125,negative
0.185,0.02,negative
0.26,0.054,negative
0.26,0.0575,negative
0.265,0.056,negative
0.265,0.054,negative
0.265,0.0585,negative
0.275,0.0625,negative
0.285,0.0775,negative
0.31,0.087,negative
0.315,0.08,negative
0.265,0.08,negative
0.325,0.1065,negative
0.325,0.098,negative
0.335,0.1315,negative
0.34,0.125,negative
0.355,0.12,negative
0.435,0.1205,negative
0.35,0.14,negative
0.34,0.11,negative
0.355,0.142,negative
0.35,0.14,negative
0.36,0.125,negative
0.355,0.15,negative
0.37,0.1375,negative
0.365,0.1645,negative
0.4,0.1855,negative
0.39,0.16,negative
0.42,0.198,negative
0.39,0.1535,negative
0.405,0.19,negative
0.415,0.2365,negative
0.41,0.1975,negative
0.41,0.2,negative
0.425,0.2425,negative
0.45,0.308,negative
0.47,0.277,negative
0.42,0.2365,negative
0.42,0.223,negative
0.455,0.285,negative
0.44,0.1965,negative
0.475,0.271,negative
0.45,0.2575,negative
0.46,0.27,negative
0.46,0.238,negative
0.47,0.279,negative
0.47,0.2445,negative
0.465,0.259,negative
0.46,0.294,negative
0.465,0.2425,negative
0.47,0.3205,negative
0.47,0.275,negative
0.475,0.39,negative
0.475,0.36,negative
0.475,0.31,negative
0.485,0.239,negative
0.48,0.31,negative
0.48,0.29,negative
0.475,0.319,negative
0.5,0.374,negative
0.49,0.39,negative
0.485,0.302,negative
0.465,0.325,negative
0.495,0.365,negative
0.515,0.369,negative
0.515,0.4115,negative
0.52,0.432,negative
0.475,0.3095,negative
0.525,0.405,negative
0.53,0.4,negative
0.5,0.335,negative
0.515,0.401,negative
0.515,0.325,negative
0.53,0.465,negative
0.52,0.445,negative
0.555,0.6195,negative
0.125,0.009,negative
0.285,0.0675,negative
0.325,0.1025,negative
0.37,0.126,negative
0.3,0.077,negative
0.375,0.1395,negative
0.43,0.228,negative
0.375,0.148,negative
0.39,0.119,negative
0.405,0.2065,negative
0.45,0.215,negative
0.465,0.27,negative
0.46,0.365,negative
0.49,0.3045,negative
0.475,0.3285,negative
0.475,0.31,negative
0.495,0.371,negative
0.46,0.228,negative
0.515,0.38,negative
0.5,0.32,negative
0.5,0.315,negative
0.455,0.333,negative
0.505,0.335,negative
0.53,0.405,negative
0.5,0.37,negative
0.525,0.3905,negative
0.53,0.48,negative
0.525,0.4305,negative
0.565,0.5675,negative
0.205,0.029,negative
0.225,0.035,negative
0.22,0.0365,negative
0.225,0.044,negative
0.22,0.035,negative
0.265,0.055,negative
0.275,0.0825,negative
0.29,0.078,negative
0.325,0.105,negative
0.34,0.125,negative
0.32,0.1,negative
0.345,0.13,negative
0.37,0.1455,negative
0.355,0.14,negative
0.345,0.125,negative
0.365,0.127,negative
0.335,0.135,negative
0.35,0.1355,negative
0.365,0.151,negative
0.405,0.195,negative
0.39,0.1745,negative
0.415,0.171,negative
0.405,0.168,negative
0.425,0.215,negative
0.425,0.2225,negative
0.42,0.208,negative
0.41,0.215,negative
0.405,0.19,negative
0.395,0.195,negative
0.45,0.2595,negative
0.41,0.212,negative
0.41,0.205,negative
0.415,0.236,negative
0.45,0.24,negative
0.4,0.221,negative
0.43,0.247,negative
0.45,0.217,negative
0.44,0.239,negative
0.42,0.32,negative
0.465,0.2845,negative
0.46,0.265,negative
0.465,0.28,negative
0.47,0.287,negative
0.44,0.2575,negative
0.46,0.3085,negative
0.45,0.279,negative
0.47,0.305,negative
0.5,0.309,negative
0.49,0.3555,negative
0.45,0.2935,negative
0.49,0.35,negative
0.495,0.317,negative
0.47,0.317,negative
0.5,0.332,negative
0.525,0.35,negative
0.47,0.284,negative
0.48,0.305,negative
0.485,0.3605,negative
0.485,0.3315,negative
0.49,0.31,negative
0.505,0.375,negative
0.5,0.405,negative
0.51,0.425,negative
0.52,0.36,negative
0.495,0.399,negative
0.495,0.32,negative
0.52,0.3825,negative
0.525,0.4355,negative
0.51,0.385,negative
0.51,0.3885,negative
0.525,0.4,negative
0.53,0.398,negative
0.51,0.339,negative
0.54,0.47,negative
0.51,0.358,negative
0.54,0.3315,negative
0.54,0.4165,negative
0.535,0.4,negative
0.51,0.341,negative
0.53,0.425,negative
0.55,0.4895,negative
0.535,0.46,negative
0.55,0.462,negative
0.53,0.44,negative
0.555,0.434,negative
0.56,0.435,negative
0.6,0.6745,negative
0.13,0.0465,negative
0.25,0.1255,negative
0.25,0.128,negative
0.28,0.067,negative
0.32,0.164,negative
0.36,0.1035,negative
0.31,0.184,negative
0.355,0.1325,negative
0.365,0.273,negative
0.375,0.2475,negative
0.395,0.2455,negative
0.4,0.185,negative
0.375,0.255,negative
0.38,0.17,negative
0.37,0.146,negative
0.415,0.311,negative
0.42,0.4095,negative
0.455,0.271,negative
0.475,0.283,negative
0.505,0.345,negative
0.48,0.3375,negative
0.47,0.287,negative
0.525,0.3005,negative
0.505,0.355,negative
0.5,0.3235,negative
0.525,0.4525,negative
0.525,0.407,negative
0.555,0.516,negative
0.205,0.034,negative
0.265,0.0615,negative
0.205,0.034,negative
0.315,0.091,negative
0.29,0.086,negative
0.33,0.123,negative
0.375,0.145,negative
0.335,0.11,negative
0.355,0.1435,negative
0.36,0.13,negative
0.37,0.1465,negative
0.395,0.165,negative
0.41,0.1945,negative
0.39,0.179,negative
0.4,0.21,negative
0.425,0.2595,negative
0.425,0.22,negative
0.42,0.1825,negative
0.395,0.148,negative
0.41,0.1895,negative
0.4,0.22,negative
0.45,0.265,negative
0.46,0.275,negative
0.44,0.2735,negative
0.465,0.2695,negative
0.43,0.245,negative
0.43,0.21,negative
0.45,0.26,negative
0.465,0.235,negative
0.46,0.2985,negative
0.42,0.2255,negative
0.45,0.2445,negative
0.42,0.2875,negative
0.47,0.265,negative
0.45,0.245,negative
0.48,0.314,negative
0.48,0.33,negative
0.455,0.2655,negative
0.5,0.343,negative
0.48,0.306,negative
0.48,0.3175,negative
0.495,0.345,negative
0.5,0.335,negative
0.49,0.354,negative
0.475,0.315,negative
0.51,0.342,negative
0.505,0.39,negative
0.495,0.37,negative
0.52,0.45,negative
0.525,0.456,negative
0.52,0.374,negative
0.54,0.45,negative
0.54,0.512,negative
0.58,0.5295,negative
0.535,0.465,negative
0.56,0.44,negative
0.58,0.488,negative
0.155,0.014,negative
0.23,0.05,negative
0.23,0.0355,negative
0.27,0.064,negative
0.305,0.0975,negative
0.31,0.1,negative
0.365,0.1325,negative
0.385,0.175,negative
0.375,0.17,negative
0.4,0.175,negative
0.445,0.24,negative
0.49,0.344,negative
0.26,0.07,negative
0.275,0.21,negative
0.34,0.0965,negative
0.355,0.1395,negative
0.385,0.153,negative
0.445,0.2245,negative
0.45,0.2515,negative
0.46,0.3305,negative
0.44,0.2735,negative
0.48,0.356,negative
0.455,0.274,negative
0.47,0.3945,negative
0.46,0.296,negative
0.52,0.4575,negative
0.54,0.4285,negative
0.52,0.374,negative
0.555,0.431,negative
0.385,0.235,negative
0.42,0.275,negative
0.365,0.17,negative
0.41,0.24,negative
0.26,0.085,negative
0.35,0.175,negative
0.325,0.105,negative
0.105,0.005,negative
0.25,0.055,negative
0.425,0.19,negative
0.41,0.245,negative
0.42,0.205,negative
0.475,0.32,negative
0.45,0.27,negative
0.45,0.355,negative
0.35,0.145,negative
0.275,0.08,negative
0.535,0.453,negative
0.37,0.159,negative
0.3,0.1025,negative
0.295,0.1035,negative
0.44,0.285,negative
0.41,0.275,negative
0.465,0.255,negative
0.4,0.255,negative
0.335,0.135,negative
0.255,0.055,negative
0.515,0.49,negative
0.45,0.37,negative
0.44,0.265,negative
0.465,0.19,negative
0.475,0.49,negative
0.37,0.185,negative
0.5,0.445,negative
0.39,0.195,negative
0.34,0.135,negative
0.385,0.205,negative
0.44,0.25,negative
0.36,0.13,negative
0.4,0.17,negative
0.25,0.05,negative
0.41,0.25,negative
0.225,0.05,negative
0.45,0.365,negative
0.5,0.41,negative
0.355,0.155,negative
0.49,0.295,negative
0.3,0.09,negative
0.455,0.3,negative
0.545,0.495,negative
0.425,0.195,negative
0.225,0.045,negative
0.235,0.05,negative
0.395,0.285,positive
0.43,0.195,negative
0.33,0.11,negative
0.375,0.17,negative
0.44,0.255,negative
0.45,0.235,negative
0.5,0.43,negative
0.355,0.165,negative
0.46,0.355,negative
0.38,0.215,negative
0.5,0.39,negative
0.575,0.56,negative
0.46,0.275,negative
0.5,0.345,negative
0.345,0.1085,negative
0.43,0.1775,negative
0.12,0.005,negative
0.4,0.185,negative
0.48,0.36,negative
0.47,0.35,negative
0.27,0.07,negative
0.4,0.295,negative
0.105,0.005,negative
0.18,0.02,negative
0.39,0.185,negative
0.365,0.145,negative
0.375,0.12,negative
0.355,0.168,negative
0.405,0.205,negative
0.445,0.275,negative
0.41,0.225,negative
0.4,0.215,negative
0.46,0.33,negative
0.49,0.345,negative
0.43,0.275,negative
0.27,0.075,negative
0.4,0.253,negative
0.28,0.09,negative
0.39,0.26,positive
0.28,0.08,negative
0.35,0.155,negative
0.42,0.19,negative
0.38,0.18,negative
0.55,0.655,negative
0.515,0.425,negative
0.535,0.47,negative
0.23,0.043,negative
0.4,0.225,negative
0.44,0.3,negative
0.37,0.185,negative
0.41,0.26,negative
0.4,0.21,negative
0.425,0.295,negative
0.42,0.25,negative
0.39,0.19,negative
0.275,0.07,negative
0.18,0.018,negative
0.175,0.0215,negative
0.44,0.355,negative
0.4,0.18,negative
0.45,0.4,negative
0.44,0.375,negative
0.175,0.019,negative
0.365,0.19,negative
0.41,0.25,negative
0.39,0.225,negative
0.425,0.255,negative
0.235,0.047,negative
0.4,0.23,negative
0.415,0.27,negative
0.355,0.184,negative
0.385,0.133,negative
0.395,0.22,negative
0.5,0.3345,negative
0.55,0.515,negative
0.385,0.1775,negative
0.44,0.263,negative
0.55,0.4305,negative
0.575,0.585,negative
0.22,0.035,negative
0.22,0.035,negative
0.23,0.045,negative
0.29,0.08,negative
0.3,0.082,negative
0.285,0.07,negative
0.295,0.066,negative
0.315,0.097,negative
0.33,0.1025,negative
0.32,0.105,negative
0.33,0.119,negative
0.35,0.1405,negative
0.35,0.135,negative
0.39,0.169,negative
0.19,0.03,negative
0.375,0.155,negative
0.455,0.275,negative
0.435,0.2515,negative
0.45,0.225,negative
0.205,0.0305,negative
0.41,0.18,negative
0.48,0.322,negative
0.55,0.496,negative
0.525,0.34,negative
0.545,0.547,negative
0.515,0.3445,negative
0.51,0.4505,negative
0.465,0.33,negative
0.52,0.5055,negative
0.51,0.3725,negative
0.175,0.02,negative
0.23,0.3505,negative
0.27,0.062,negative
0.28,0.055,negative
0.31,0.083,negative
0.35,0.1325,negative
0.35,0.135,negative
0.375,0.1525,negative
0.39,0.1555,negative
0.135,0.01,negative
0.395,0.17,negative
0.43,0.2015,negative
0.465,0.247,negative
0.46,0.2515,negative
0.455,0.305,negative
0.6,0.5755,negative
0.6,0.621,negative
0.53,0.286,negative
0.465,0.255,negative
0.505,0.323,negative
0.48,0.285,negative
0.48,0.225,negative
0.525,0.37,negative
0.505,0.178,negative
0.485,0.3,negative
0.515,0.335,negative
0.55,0.4295,negative
0.58,0.4715,negative
0.49,0.265,negative
0.475,0.245,negative
0.545,0.4705,negative
0.2,0.03,negative
0.245,0.0505,negative
0.26,0.055,negative
0.27,0.0655,negative
0.28,0.0605,negative
0.31,0.0925,negative
0.335,0.0965,negative
0.325,0.109,negative
0.325,0.1075,negative
0.365,0.18,negative
0.385,0.172,negative
0.405,0.1805,negative
0.41,0.182,negative
0.42,0.1985,negative
0.415,0.19,negative
0.445,0.21,negative
0.44,0.235,negative
0.45,0.275,negative
0.45,0.215,negative
0.46,0.236,negative
0.46,0.275,negative
0.425,0.239,negative
0.45,0.301,negative
0.46,0.269,negative
0.485,0.28,negative
0.495,0.34,negative
0.495,0.35,negative
0.495,0.355,negative
0.5,0.305,negative
0.47,0.3245,negative
0.485,0.36,negative
0.5,0.35,negative
0.5,0.31,negative
0.51,0.4545,negative
0.535,0.499,negative
0.56,0.437,negative
0.39,0.1415,negative
0.405,0.174,negative
0.465,0.278,negative
0.515,0.35,negative
0.49,0.3,negative
0.49,0.305,negative
0.275,0.072,negative
0.3,0.0935,negative
0.31,0.0935,negative
0.305,0.085,negative
0.335,0.1185,negative
0.335,0.145,negative
0.375,0.149,negative
0.36,0.1305,negative
0.395,0.19,negative
0.4,0.169,negative
0.45,0.216,negative
0.435,0.206,negative
0.43,0.2615,negative
0.43,0.2095,negative
0.43,0.225,negative
0.385,0.19,negative
0.45,0.2725,negative
0.465,0.3095,negative
0.445,0.3,negative
0.51,0.3,negative
0.48,0.31,negative
0.475,0.2755,negative
0.45,0.24,negative
0.47,0.298,negative
0.365,0.27,negative
0.5,0.3705,negative
0.475,0.37,negative
0.49,0.3855,negative
0.485,0.37,negative
0.53,0.3555,negative
0.485,0.35,negative
0.5,0.39,negative
0.5,0.37,negative
0.495,0.355,negative
0.525,0.381,negative
0.52,0.37,negative
0.51,0.386,negative
0.545,0.48,negative
0.545,0.506,negative
0.545,0.475,negative
0.565,0.5385,negative
0.59,0.48,negative
0.35,0.126,negative
0.305,0.086,negative
0.41,0.3795,negative
0.365,0.139,negative
0.4,0.1785,negative
0.42,0.4525,negative
0.45,0.209,negative
0.42,0.2,negative
0.465,0.2585,negative
0.48,0.2785,negative
0.505,0.3315,negative
0.525,0.3865,negative
0.215,0.042,negative
0.35,0.15,negative
0.265,0.077,negative
0.365,0.15,negative
0.375,0.1765,negative
0.385,0.165,negative
0.415,0.185,negative
0.42,0.252,negative
0.445,0.26,negative
0.435,0.255,negative
0.425,0.24,negative
0.45,0.263,negative
0.425,0.2575,negative
0.47,0.315,negative
0.45,0.251,negative
0.455,0.271,negative
0.5,0.335,negative
0.495,0.32,negative
0.505,0.325,negative
0.49,0.335,negative
0.535,0.424,negative
0.495,0.347,negative
0.505,0.43,negative
0.525,0.365,negative
0.5,0.405,negative
0.535,0.508,negative
0.525,0.657,negative
0.53,0.385,negative
0.55,0.445,negative
0.605,0.355,negative
0.215,0.03,negative
0.23,0.046,negative
0.25,0.041,negative
0.28,0.0615,negative
0.315,0.11,negative
0.33,0.0885,negative
0.35,0.115,negative
0.355,0.14,negative
0.36,0.155,negative
0.475,0.3,negative
0.37,0.146,negative
0.44,0.259,negative
0.455,0.2845,negative
0.255,0.092,negative
0.31,0.079,negative
0.29,0.081,negative
0.3,0.088,negative
0.365,0.156,negative
0.38,0.1535,negative
0.4,0.1765,negative
0.385,0.1815,negative
0.43,0.2405,negative
0.43,0.229,negative
0.44,0.2605,negative
0.45,0.249,negative
0.475,0.308,negative
0.485,0.296,negative
