Lenght,P_and,Class
7,0.657,negative
7,0.881,negative
18,0.741,negative
7,0.743,negative
3,0.944,negative
8,1,negative
4,0.708,negative
6,0.333,negative
5,0.52,negative
7,0.914,negative
2,1,negative
3,0.733,negative
6,0.733,negative
7,0.857,negative
7,0.881,negative
8,0.475,negative
7,0.952,negative
19,0.4,negative
5,0.56,negative
6,0.5,negative
6,0.792,negative
18,0.528,negative
7,0.548,negative
7,0.886,negative
4,0.8,negative
25,0.286,negative
25,0.68,negative
16,0.643,negative
103,0.691,negative
9,0.626,negative
8,1,negative
8,0.477,negative
8,1,negative
35,0.657,negative
113,0.472,positive
59,0.475,positive
20,0.675,positive
101,0.743,positive
38,0.947,negative
21,0.772,negative
37,0.913,negative
98,0.835,negative
50,0.958,negative
194,0.273,positive
18,0.694,positive
22,0.75,positive
18,0.833,positive
22,0.864,positive
66,0.661,negative
90,0.786,negative
22,0.818,negative
92,0.885,negative
12,0.981,negative
51,0.786,negative
34,0.886,negative
80,0.878,negative
95,0.937,negative
99,0.601,negative
12,1,negative
53,0.819,negative
92,0.843,negative
85,0.894,negative
83,0.849,negative
12,1,negative
64,0.97,negative
102,0.768,negative
12,0.979,negative
56,0.827,negative
84,0.937,negative
54,0.957,negative
41,0.775,negative
83,0.827,negative
4,0.4,negative
11,1,negative
44,0.767,negative
34,0.885,negative
76,0.882,negative
14,0.958,negative
7,0.583,negative
44,0.742,negative
63,0.705,negative
32,0.594,negative
116,0.494,positive
10,1,positive
13,1,positive
8,1,positive
44,1,positive
20,0.875,positive
20,0.85,positive
10,0.808,negative
86,0.853,negative
20,0.75,negative
5,0.933,negative
3,0.417,negative
113,0.378,positive
3,0.486,positive
48,0.677,positive
65,0.877,negative
37,0.898,negative
21,0.762,negative
8,0.328,negative
100,0.91,negative
85,0.812,negative
32,0.781,negative
101,0.888,negative
119,0.798,negative
126,0.862,negative
13,0.462,negative
75,0.606,negative
119,0.747,negative
44,0.852,negative
40,0.967,negative
48,0.914,negative
44,0.937,negative
47,0.747,negative
40,0.919,negative
116,0.371,positive
18,0.722,positive
132,0.558,positive
17,1,positive
8,1,positive
69,0.906,positive
46,0.761,positive
77,0.874,negative
41,0.886,negative
57,1,positive
10,1,positive
185,0.651,negative
152,0.778,negative
116,0.802,positive
123,0.986,negative
17,0.971,positive
131,0.857,negative
12,1,negative
27,0.481,negative
15,0.762,negative
58,0.751,negative
46,0.587,negative
27,1,negative
17,0.58,negative
31,0.516,negative
12,1,negative
17,1,negative
11,0.955,negative
19,1,negative
107,0.654,negative
9,0.778,negative
9,0.727,negative
8,1,negative
8,0.466,negative
7,1,negative
7,1,negative
9,0.636,negative
8,0.852,negative
43,1,positive
38,0.887,negative
20,1,negative
36,0.929,negative
98,0.835,negative
49,0.961,negative
21,0.843,negative
19,0.76,negative
55,1,negative
14,0.937,negative
23,1,negative
35,0.886,negative
96,0.815,negative
66,0.805,negative
34,0.817,negative
83,0.908,negative
80,0.922,negative
95,0.723,negative
80,0.883,negative
13,0.685,negative
70,0.918,negative
84,0.82,negative
99,0.818,negative
80,0.868,negative
101,0.818,negative
26,1,negative
40,0.733,negative
84,0.966,negative
53,0.981,negative
41,0.942,negative
82,0.74,negative
14,0.612,negative
26,0.947,negative
46,0.951,negative
34,0.961,negative
26,0.941,negative
42,0.829,negative
62,0.66,negative
75,0.888,negative
18,0.986,negative
33,0.844,negative
64,0.899,negative
36,0.932,negative
8,0.344,negative
21,0.673,negative
99,0.942,negative
84,0.791,negative
31,0.79,negative
2,0.816,positive
101,0.861,negative
118,0.817,negative
2,0.8,positive
126,0.833,negative
117,0.673,negative
35,0.667,negative
46,0.676,negative
2,0.6,positive
44,0.938,negative
48,0.807,negative
40,0.991,negative
45,0.956,negative
20,0.556,negative
22,0.965,negative
41,0.933,negative
112,0.504,positive
45,1,positive
75,1,positive
43,0.814,negative
301,0.735,negative
35,0.873,negative
122,0.947,negative
130,0.773,negative
46,0.804,negative
27,0.673,negative
8,0.675,negative
3,1,negative
35,0.829,negative
47,0.739,negative
31,0.774,negative
16,0.938,negative
122,0.626,negative
21,0.68,negative
8,0.602,negative
9,0.818,negative
8,1,negative
21,0.6,negative
157,0.551,positive
38,0.897,negative
36,0.914,negative
20,0.938,negative
96,0.886,negative
49,0.998,negative
32,1,positive
52,1,positive
13,1,positive
23,1,negative
37,0.808,negative
20,0.872,negative
79,0.956,negative
81,0.897,negative
67,0.746,negative
32,0.826,negative
2,0.516,positive
11,1,negative
64,0.808,negative
83,0.725,negative
73,0.591,negative
17,0.801,negative
12,0.88,negative
82,0.913,negative
53,0.901,negative
83,0.9,negative
81,0.81,negative
82,0.871,negative
100,0.765,negative
71,0.748,negative
82,0.935,negative
97,0.921,negative
32,0.861,negative
82,0.951,negative
13,0.981,negative
8,1,negative
43,0.791,negative
75,0.91,negative
84,0.681,negative
123,0.504,positive
36,1,positive
123,0.089,negative
6,0.646,negative
65,0.911,negative
37,0.946,negative
20,0.772,negative
8,0.781,negative
100,0.874,negative
32,0.781,negative
82,0.817,negative
101,0.893,negative
116,0.707,negative
126,0.848,negative
86,0.647,negative
115,0.723,negative
2,0.875,positive
44,0.944,negative
46,0.918,negative
40,0.991,negative
45,0.956,negative
45,0.897,negative
41,0.966,negative
19,1,positive
9,1,positive
42,0.97,negative
339,0.547,negative
123,0.888,negative
446,0.603,positive
3,0.909,positive
131,0.851,negative
4,0.565,positive
3,0.841,positive
7,0.432,positive
236,0.689,positive
61,1,positive
14,0.661,negative
174,0.737,negative
45,0.725,negative
27,0.619,negative
9,1,negative
122,0.65,negative
96,0.954,negative
402,0.094,positive
463,0.121,positive
20,0.89,negative
97,0.973,negative
21,0.878,negative
80,0.954,negative
85,0.664,negative
76,0.874,negative
2,0.563,negative
33,0.774,negative
120,0.859,negative
118,0.767,negative
207,0.723,negative
92,0.954,negative
93,0.888,negative
43,0.922,negative
213,0.379,positive
465,0.123,positive
79,0.195,positive
9,0.492,negative
7,0.619,negative
152,1,positive
51,1,positive
17,0.824,negative
22,1,negative
29,0.92,negative
46,0.835,negative
30,0.66,negative
16,0.938,negative
45,0.775,negative
27,0.741,negative
122,0.54,negative
49,0.666,negative
35,0.584,negative
462,0.688,positive
38,0.892,negative
36,0.926,negative
98,0.881,negative
21,0.958,negative
49,0.943,negative
49,1,negative
52,1,positive
52,1,positive
24,0.821,negative
36,0.889,negative
21,0.899,negative
78,0.863,negative
67,0.844,negative
33,0.864,negative
79,0.88,negative
80,0.799,negative
97,0.666,negative
82,0.92,negative
69,0.876,negative
84,0.778,negative
82,0.879,negative
11,1,negative
63,0.895,negative
102,0.829,negative
82,0.935,negative
26,0.918,negative
47,0.753,negative
53,0.9,negative
40,0.878,negative
82,0.997,negative
34,0.803,negative
81,0.927,negative
13,0.979,negative
8,1,negative
43,0.875,negative
75,0.914,negative
86,0.764,negative
33,1,positive
124,1,positive
75,1,positive
6,0.593,negative
64,0.966,negative
36,0.926,negative
34,0.641,negative
98,0.945,negative
121,0.817,negative
100,0.882,negative
118,0.745,negative
126,0.883,negative
85,0.696,negative
43,0.959,negative
47,0.757,negative
40,0.895,negative
44,0.944,negative
47,0.78,negative
41,0.962,negative
8,1,positive
40,1,positive
55,1,positive
39,0.937,negative
340,0.592,negative
123,0.991,negative
115,1,positive
131,0.845,negative
11,1,positive
46,1,positive
64,0.586,positive
47,0.878,negative
27,0.829,negative
17,0.933,negative
59,0.881,negative
47,0.88,negative
32,0.789,negative
16,0.906,negative
115,0.487,positive
16,0.768,negative
100,0.849,negative
8,0.656,negative
8,0.969,negative
8,0.5,negative
8,1,negative
7,1,negative
23,0.623,negative
463,0.16,positive
18,0.607,negative
51,0.855,negative
24,1,negative
22,0.836,negative
37,0.901,negative
101,0.695,negative
34,0.906,negative
98,0.643,negative
83,0.814,negative
114,0.301,negative
101,0.792,negative
87,0.901,negative
98,0.861,negative
84,0.849,negative
47,0.948,negative
33,0.983,negative
78,0.856,negative
8,1,negative
43,0.849,negative
86,0.808,negative
5,0.889,negative
146,0.128,positive
2,0.706,positive
7,0.683,negative
21,0.744,negative
121,0.843,negative
118,0.797,negative
37,0.708,negative
47,0.628,negative
92,0.851,negative
21,0.819,negative
47,0.865,negative
41,0.992,negative
18,0.872,negative
47,0.917,negative
41,0.976,negative
45,0.938,negative
48,1,positive
29,1,positive
17,1,positive
46,0.818,negative
31,0.857,negative
17,0.686,negative
59,0.888,negative
17,0.857,negative
28,0.844,negative
45,0.789,negative
123,0.514,negative
9,0.768,negative
8,1,negative
61,0.614,negative
330,0.066,positive
464,0.07,positive
38,0.939,negative
36,0.923,negative
98,0.974,negative
21,0.857,negative
49,0.982,negative
286,0.427,positive
23,1,negative
37,0.811,negative
21,0.757,negative
79,0.899,negative
66,0.78,negative
34,0.902,negative
82,0.936,negative
79,0.784,negative
98,0.627,negative
83,0.813,negative
11,1,negative
53,0.811,negative
85,0.828,negative
82,0.924,negative
80,0.838,negative
102,0.764,negative
82,0.866,negative
26,0.96,negative
47,0.747,negative
99,0.93,negative
83,0.909,negative
34,0.891,negative
82,0.924,negative
13,0.981,negative
8,1,negative
42,0.788,negative
86,0.844,negative
76,0.95,negative
6,0.759,negative
65,0.971,negative
36,0.948,negative
7,0.603,negative
22,0.843,negative
99,0.917,negative
85,0.846,negative
32,0.792,negative
100,0.882,negative
118,0.784,negative
125,0.804,negative
85,0.675,negative
43,0.94,negative
48,0.742,negative
40,0.992,negative
44,0.879,negative
47,0.825,negative
42,0.976,negative
18,1,positive
7,1,positive
117,1,positive
42,0.85,negative
340,0.468,negative
77,1,positive
40,1,positive
130,0.856,negative
28,1,positive
35,1,positive
13,0.577,negative
18,0.452,negative
42,0.857,negative
31,0.714,negative
16,0.634,negative
23,0.54,negative
8,0.518,negative
2,0.929,negative
7,0.898,negative
11,0.848,negative
121,0.607,negative
21,0.719,negative
9,0.768,negative
8,0.7,negative
8,0.989,negative
7,0.481,negative
8,0.989,negative
14,1,positive
38,0.898,negative
20,1,negative
36,0.901,negative
98,0.778,negative
49,0.998,negative
23,1,positive
19,1,positive
78,0.896,negative
14,1,negative
106,0.396,negative
24,0.974,negative
36,0.885,negative
22,0.909,negative
12,1,negative
6,0.907,negative
38,0.757,negative
34,0.895,negative
12,1,negative
63,0.787,negative
104,0.904,negative
75,0.679,negative
17,0.676,negative
82,0.778,negative
16,0.859,positive
12,1,negative
53,0.889,negative
85,0.902,negative
12,1,negative
63,0.898,negative
82,0.947,negative
10,0.522,positive
102,0.804,negative
90,0.716,negative
26,0.907,negative
41,0.74,negative
99,0.962,negative
81,0.826,negative
26,0.947,negative
46,0.848,negative
34,0.863,negative
26,0.83,negative
43,0.789,negative
75,0.955,negative
86,0.701,negative
79,1,positive
6,0.813,negative
11,1,positive
98,1,positive
13,1,positive
64,0.984,negative
36,0.944,negative
8,0.672,negative
21,0.845,negative
99,0.906,negative
121,0.776,negative
100,0.908,negative
118,0.798,negative
126,0.907,negative
117,0.635,negative
14,0.554,negative
71,0.776,negative
44,0.949,negative
48,0.885,negative
40,0.997,negative
45,0.896,negative
47,0.896,negative
42,0.94,negative
17,1,positive
43,0.956,negative
300,0.607,negative
35,0.841,negative
122,0.829,negative
130,0.877,negative
45,0.806,negative
31,0.853,negative
14,0.881,negative
18,0.813,negative
58,0.842,negative
40,0.754,negative
28,0.53,negative
15,0.8,negative
38,0.489,negative
31,0.465,negative
77,0.564,negative
33,0.534,negative
19,0.695,negative
121,0.675,negative
22,0.694,negative
9,0.717,negative
8,1,negative
21,0.58,negative
8,0.875,negative
461,0.248,positive
38,0.939,negative
36,0.91,negative
21,0.942,negative
97,0.939,negative
49,0.995,negative
15,1,positive
23,0.986,negative
37,0.85,negative
21,0.778,negative
91,0.956,negative
67,0.649,negative
32,0.806,negative
92,0.917,negative
12,1,negative
64,0.818,negative
98,0.624,negative
100,0.847,negative
12,1,negative
53,0.805,negative
84,0.843,negative
81,0.918,negative
13,0.752,positive
80,0.8,negative
101,0.852,negative
81,0.974,negative
9,0.864,negative
72,0.807,negative
84,0.955,negative
52,0.996,negative
41,0.846,negative
27,0.975,negative
46,0.843,negative
33,0.97,negative
81,0.916,negative
7,0.69,positive
14,0.981,negative
8,1,negative
43,0.753,negative
75,0.913,negative
48,0.755,negative
9,0.802,negative
18,1,negative
6,0.548,negative
1,1,positive
64,0.914,negative
36,0.938,negative
33,0.705,negative
99,0.912,negative
122,0.689,negative
101,0.869,negative
118,0.734,negative
125,0.862,negative
117,0.712,negative
85,0.744,negative
43,0.948,negative
47,0.738,negative
40,0.889,negative
44,0.952,negative
46,0.838,negative
42,0.931,negative
37,1,positive
46,1,positive
42,1,positive
42,0.931,negative
300,0.576,negative
35,0.943,negative
122,0.961,negative
176,0.605,positive
3,0.952,positive
130,0.925,negative
17,1,positive
39,1,positive
44,1,positive
14,1,positive
36,1,positive
17,1,positive
52,0.702,negative
17,0.559,negative
31,0.974,negative
23,1,negative
44,0.791,negative
56,0.5,negative
32,1,negative
16,0.813,negative
14,0.821,positive
183,0.577,positive
77,0.76,negative
34,0.851,negative
22,0.798,negative
67,0.689,negative
123,0.626,negative
8,0.51,negative
8,0.927,negative
9,0.657,negative
9,0.818,negative
9,0.727,negative
8,1,negative
8,1,negative
29,1,positive
14,1,positive
45,1,positive
39,0.923,negative
21,0.958,negative
97,0.832,negative
36,0.948,negative
300,0.071,positive
49,0.939,negative
50,0.51,positive
79,0.873,negative
24,0.907,negative
37,0.898,negative
21,0.905,negative
81,0.863,negative
67,0.745,negative
32,0.898,negative
11,0.558,negative
99,0.801,negative
12,1,negative
64,0.842,negative
94,0.604,negative
2,0.667,positive
99,0.826,negative
83,0.756,negative
12,1,negative
54,0.887,negative
95,0.849,negative
12,1,negative
64,0.92,negative
101,0.849,negative
82,0.814,negative
73,0.743,negative
98,0.781,negative
81,0.819,negative
27,0.951,negative
47,0.943,negative
32,0.993,negative
75,0.936,negative
27,0.898,negative
43,0.793,negative
61,0.746,negative
19,0.837,negative
204,0.681,positive
29,0.572,negative
65,0.901,negative
36,0.944,negative
21,0.81,negative
7,0.429,negative
100,0.924,negative
32,0.691,negative
83,0.843,negative
101,0.855,negative
118,0.7,negative
126,0.875,negative
86,0.757,negative
116,0.804,negative
43,0.953,negative
46,0.938,negative
41,0.976,negative
44,0.92,negative
45,0.923,negative
42,0.915,negative
35,1,positive
455,0.095,negative
43,0.927,negative
301,0.564,negative
35,0.902,negative
123,0.898,negative
142,0.173,positive
30,0.09,positive
130,0.822,negative
14,1,positive
3,0.667,negative
5,0.9,negative
14,0.938,negative
50,0.8,negative
3,0.667,negative
23,1,negative
15,0.683,negative
14,0.643,negative
2,1,negative
21,0.762,negative
6,0.762,negative
2,0.929,negative
3,0.708,negative
14,0.99,negative
59,0.691,negative
121,0.646,negative
9,0.687,negative
8,1,negative
7,0.429,negative
8,1,negative
8,1,negative
9,0.656,negative
8,0.888,negative
69,1,positive
38,0.887,negative
36,0.84,negative
97,0.825,negative
21,1,negative
49,0.961,negative
148,1,positive
20,0.972,negative
36,0.806,negative
21,0.82,negative
80,0.914,negative
11,1,negative
50,0.716,negative
33,0.781,negative
83,0.94,negative
11,1,negative
63,0.778,negative
74,0.628,negative
17,0.654,negative
84,0.954,negative
12,0.898,negative
82,0.84,negative
53,0.894,negative
84,0.896,negative
12,1,negative
63,0.908,negative
101,0.77,negative
83,0.979,negative
72,0.78,negative
97,0.863,negative
83,0.955,negative
26,0.953,negative
46,0.872,negative
83,0.751,negative
33,0.973,negative
26,0.888,negative
43,0.774,negative
62,0.705,negative
18,1,negative
76,0.903,negative
6,0.646,negative
84,1,positive
73,1,positive
64,0.889,negative
36,0.938,negative
8,0.672,negative
21,0.774,negative
99,0.951,negative
83,0.751,negative
32,0.674,negative
100,0.846,negative
118,0.745,negative
126,0.953,negative
86,0.677,negative
116,0.797,negative
43,0.953,negative
47,0.872,negative
40,0.997,negative
43,0.899,negative
46,0.927,negative
42,0.979,negative
2,0.738,positive
41,0.963,negative
70,0.062,positive
342,0.548,negative
123,0.996,negative
147,1,positive
131,0.856,negative
17,1,positive
1,1,positive
89,0.706,negative
31,0.813,negative
230,0.57,negative
43,0.807,negative
172,0.337,positive
72,0.848,negative
76,0.795,negative
190,0.847,negative
71,0.866,negative
71,0.861,negative
116,0.658,negative
93,0.895,negative
109,0.848,negative
64,0.857,negative
133,0.718,negative
100,0.822,negative
49,0.641,negative
43,0.69,negative
29,0.874,negative
48,0.76,negative
35,0.829,negative
37,0.964,negative
85,0.633,negative
217,0.686,negative
487,0.63,negative
440,0.696,negative
168,0.719,negative
1,1,positive
65,0.677,negative
1,1,positive
1,1,positive
121,0.873,negative
118,0.726,negative
1,1,positive
106,0.688,negative
9,0.238,positive
72,0.257,positive
1,1,positive
34,0.846,negative
1,1,positive
6,1,positive
1,1,positive
108,0.746,negative
185,0.659,negative
39,0.882,negative
1,1,positive
116,0.788,negative
89,0.79,negative
46,0.963,negative
29,0.813,negative
172,0.907,negative
17,0.929,negative
1,1,positive
54,0.519,positive
72,0.856,negative
76,0.87,negative
181,0.684,negative
71,0.903,negative
72,0.811,negative
94,0.721,negative
71,0.726,negative
108,0.831,negative
64,0.846,negative
33,0.645,negative
132,0.861,negative
54,0.689,negative
44,0.766,negative
99,0.881,negative
61,0.515,negative
59,0.861,negative
137,0.564,negative
407,0.649,negative
408,0.677,negative
410,0.592,negative
86,0.914,negative
409,0.582,negative
307,0.771,negative
410,0.67,negative
34,0.656,negative
410,0.604,negative
151,0.726,negative
66,0.78,negative
117,0.947,negative
115,0.695,negative
103,0.724,negative
79,0.179,positive
33,0.842,negative
63,0.724,negative
14,0.964,negative
79,0.841,negative
75,0.909,negative
107,0.858,negative
114,0.741,negative
39,0.728,negative
114,0.741,negative
90,0.77,negative
28,0.804,negative
1,1,positive
46,0.886,negative
17,0.824,negative
28,0.99,negative
175,0.991,negative
168,0.73,negative
58,0.803,negative
71,0.834,negative
136,0.748,negative
76,0.813,negative
181,0.758,negative
70,0.911,negative
217,0.632,negative
71,0.958,negative
87,0.671,negative
93,0.847,negative
107,0.738,negative
62,0.968,negative
84,0.878,negative
133,0.825,negative
100,0.795,negative
51,0.775,negative
43,0.969,negative
29,0.799,negative
35,0.714,negative
40,0.988,negative
44,0.949,negative
80,0.673,negative
89,0.879,negative
418,0.619,negative
129,0.711,negative
77,0.7,negative
119,0.965,negative
116,0.703,negative
104,0.758,negative
70,0.255,positive
33,0.694,negative
128,0.751,negative
14,0.939,negative
84,0.792,negative
107,0.861,negative
115,0.92,negative
39,0.867,negative
114,0.978,negative
90,0.907,negative
172,0.799,negative
17,0.853,negative
45,0.785,negative
27,1,negative
71,0.843,negative
190,0.63,negative
76,0.799,negative
70,0.986,negative
71,0.768,negative
77,0.905,negative
93,0.835,negative
107,0.875,negative
29,0.765,negative
62,0.869,negative
130,0.876,negative
100,0.828,negative
50,0.713,negative
44,0.811,negative
29,0.89,negative
35,0.652,negative
40,0.964,negative
42,0.841,negative
83,0.628,negative
234,0.634,negative
409,0.602,negative
412,0.664,negative
152,0.714,negative
147,0.703,negative
9,0.802,negative
124,0.814,negative
121,0.69,negative
90,0.868,negative
409,0.573,negative
128,0.737,negative
410,0.661,negative
142,0.759,negative
410,0.706,negative
291,0.627,negative
277,0.636,negative
67,0.704,negative
119,0.81,negative
117,0.729,negative
11,0.667,positive
71,0.296,positive
33,0.742,negative
108,0.868,negative
183,0.664,negative
39,0.872,negative
116,0.649,negative
90,0.804,negative
337,0.637,negative
16,0.884,negative
304,0.686,positive
69,0.848,negative
74,0.887,negative
189,0.704,negative
69,0.984,negative
70,0.841,negative
91,0.908,negative
77,0.97,negative
106,0.791,negative
62,0.925,negative
30,0.649,negative
132,0.873,negative
101,0.876,negative
50,0.687,negative
46,0.75,negative
29,0.684,negative
35,0.826,negative
37,0.934,negative
43,0.886,negative
84,0.703,negative
160,0.389,negative
498,0.639,negative
58,0.599,negative
35,0.86,negative
176,0.599,negative
442,0.215,positive
259,0.481,positive
22,0.932,negative
124,0.869,negative
13,0.863,negative
12,0.944,negative
37,0.899,negative
13,0.88,negative
122,0.881,negative
5,0.556,negative
38,0.852,negative
13,0.837,negative
497,0.751,negative
498,0.688,negative
54,0.622,negative
37,0.748,negative
497,0.594,negative
50,0.627,negative
61,0.834,negative
500,0.595,negative
497,0.733,negative
25,0.643,negative
108,0.815,negative
184,0.752,negative
39,0.744,negative
116,0.784,negative
89,0.916,negative
46,0.994,negative
27,0.852,negative
172,0.967,negative
17,0.807,negative
71,0.876,negative
75,0.86,negative
189,0.83,negative
70,0.914,negative
70,0.896,negative
76,0.955,negative
93,0.937,negative
108,0.897,negative
63,0.971,negative
34,0.642,negative
123,0.827,negative
99,0.803,negative
50,0.812,negative
43,0.786,negative
28,0.871,negative
42,0.817,negative
35,0.686,negative
40,0.969,negative
286,0.317,positive
386,0.658,negative
60,0.822,negative
67,0.693,negative
118,0.818,negative
115,0.65,negative
96,0.207,positive
33,0.845,negative
107,0.86,negative
183,0.664,negative
39,0.739,negative
115,0.704,negative
88,0.775,negative
27,0.815,negative
337,0.648,negative
17,0.866,negative
333,0.413,positive
70,0.838,negative
74,0.845,negative
191,0.748,negative
68,0.868,negative
69,0.842,negative
127,0.798,negative
91,0.789,negative
105,0.811,negative
61,0.967,negative
127,0.825,negative
30,0.739,negative
29,0.89,negative
100,0.633,negative
50,0.777,negative
43,0.981,negative
42,0.905,negative
35,0.803,negative
40,0.925,negative
84,0.59,negative
249,0.842,negative
410,0.696,negative
232,0.703,negative
67,0.751,negative
119,0.891,negative
116,0.756,negative
104,0.779,negative
62,0.17,positive
33,0.791,negative
101,0.734,negative
6,1,positive
108,0.794,negative
185,0.611,negative
38,0.695,negative
116,0.676,negative
89,0.758,negative
27,0.926,negative
174,0.733,negative
17,0.933,negative
28,0.835,negative
46,0.886,negative
71,0.836,negative
75,0.86,negative
192,0.746,negative
70,0.988,negative
121,0.879,negative
71,0.897,negative
23,0.858,negative
115,0.672,negative
90,0.808,negative
71,0.762,negative
83,0.86,negative
132,0.921,negative
101,0.752,negative
51,0.817,negative
45,0.967,negative
44,0.744,negative
35,0.832,negative
42,0.942,negative
104,0.747,negative
414,0.653,negative
181,0.866,negative
413,0.806,negative
348,0.721,negative
414,0.734,negative
20,0.605,negative
413,0.731,negative
51,0.667,negative
69,0.74,negative
121,0.849,negative
118,0.778,negative
105,0.717,negative
28,0.271,positive
60,0.371,positive
33,0.839,negative
50,0.812,negative
98,0.849,negative
1,1,positive
108,0.88,negative
186,0.652,negative
39,0.889,negative
89,0.82,negative
65,0.631,negative
389,0.584,negative
3,0.778,negative
45,0.582,negative
96,0.504,negative
79,0.616,negative
64,0.57,negative
48,0.524,negative
64,0.705,negative
10,0.792,negative
35,0.654,negative
77,0.56,negative
21,0.614,negative
23,0.319,negative
26,0.577,negative
264,0.612,negative
7,0.6,positive
197,0.751,negative
68,0.789,negative
17,0.458,positive
8,0.531,positive
69,0.441,positive
13,0.45,positive
55,0.821,negative
41,0.993,negative
67,0.724,negative
12,0.762,negative
26,0.786,negative
35,0.775,negative
272,0.789,negative
272,0.696,negative
19,0.541,positive
19,0.504,positive
271,0.677,negative
271,0.754,negative
272,0.65,negative
14,0.338,positive
271,0.704,negative
271,0.727,negative
24,0.298,positive
271,0.698,negative
12,0.267,positive
5,0.45,positive
271,0.707,negative
5,0.8,positive
272,0.67,negative
15,0.295,positive
271,0.819,negative
13,0.484,positive
198,0.681,negative
7,1,positive
5,0.8,positive
3,0.6,positive
4,0.357,negative
65,0.848,negative
271,0.359,negative
29,0.884,negative
7,0.946,negative
11,0.864,negative
69,0.687,negative
55,0.657,negative
240,0.515,negative
22,0.519,negative
272,0.688,negative
272,0.539,negative
271,0.588,negative
213,0.733,negative
272,0.595,negative
9,0.533,positive
34,0.908,negative
7,0.946,negative
15,0.72,negative
21,0.923,negative
28,0.969,negative
60,0.595,negative
12,0.857,negative
6,0.286,negative
7,1,negative
17,0.873,negative
49,0.4,positive
30,0.471,positive
7,0.6,positive
54,0.745,negative
179,0.758,negative
5,0.633,positive
25,1,negative
12,0.514,positive
49,0.398,positive
271,0.748,negative
271,0.665,negative
6,0.417,positive
9,0.296,positive
272,0.649,negative
68,0.109,positive
271,0.717,negative
47,0.289,positive
8,0.769,positive
271,0.628,negative
1,1,positive
9,0.319,positive
272,0.772,negative
272,0.786,negative
49,0.51,positive
10,0.886,negative
9,0.87,negative
10,0.675,negative
9,1,negative
25,0.825,negative
37,0.993,negative
51,0.841,negative
100,0.702,negative
31,0.871,negative
5,0.429,negative
240,0.635,negative
11,0.87,negative
236,0.572,negative
135,0.294,negative
272,0.568,negative
62,0.629,negative
38,0.789,negative
272,0.629,negative
261,0.515,negative
271,0.786,negative
245,0.555,negative
272,0.578,negative
272,0.61,negative
271,0.557,negative
108,0.618,negative
125,0.526,negative
24,0.764,negative
37,0.649,negative
98,0.864,negative
93,0.794,negative
23,0.851,negative
271,0.542,negative
271,0.671,negative
71,0.701,negative
60,0.607,negative
47,0.706,negative
7,1,negative
38,0.951,negative
12,0.733,negative
234,0.614,negative
271,0.602,negative
189,0.613,negative
65,0.725,negative
147,0.55,negative
271,0.598,negative
261,0.773,negative
271,0.769,negative
173,0.375,negative
197,0.589,negative
258,0.581,negative
96,0.479,negative
271,0.574,negative
271,0.693,negative
48,0.804,negative
243,0.342,negative
88,0.756,negative
78,0.745,negative
175,0.568,negative
17,0.731,negative
14,0.959,negative
46,0.791,negative
34,0.755,negative
7,0.939,negative
11,0.87,negative
14,0.867,negative
21,0.966,negative
8,0.768,negative
29,0.842,negative
271,0.612,negative
71,0.384,negative
25,0.91,negative
238,0.614,negative
187,0.591,negative
17,0.598,negative
15,0.744,negative
215,0.464,negative
103,0.576,negative
263,0.549,negative
15,0.642,negative
26,0.62,negative
7,0.929,negative
7,0.633,negative
30,0.876,negative
18,0.96,negative
29,0.651,negative
20,0.792,negative
18,0.956,negative
8,1,negative
7,0.657,negative
12,0.883,negative
126,0.685,negative
21,0.696,negative
99,0.662,negative
81,0.542,negative
69,0.744,negative
80,0.544,negative
128,0.663,negative
10,1,negative
11,0.233,positive
129,0.565,negative
52,0.542,negative
12,0.75,negative
21,0.733,negative
6,0.967,negative
38,0.989,negative
13,0.831,negative
6,0.767,negative
15,0.947,negative
53,0.611,negative
34,0.606,negative
30,0.947,negative
25,0.887,negative
2,1,negative
12,0.771,negative
14,0.735,negative
14,0.99,negative
8,1,negative
9,0.984,negative
4,0.571,negative
32,0.786,negative
29,0.709,negative
4,0.85,negative
8,0.975,negative
11,0.955,negative
50,0.577,negative
28,0.375,negative
43,0.8,negative
75,0.867,negative
18,0.667,negative
16,0.479,negative
79,0.42,negative
158,0.535,negative
114,1,positive
41,1,positive
6,0.792,negative
49,0.633,negative
32,0.698,negative
37,0.71,negative
19,0.956,negative
28,0.875,negative
12,0.653,negative
28,1,negative
33,1,positive
29,0.502,negative
106,1,positive
12,0.392,negative
16,0.5,negative
16,0.542,negative
11,0.477,negative
27,0.397,negative
6,0.556,negative
13,0.897,negative
41,0.652,negative
41,0.756,negative
7,0.833,negative
13,0.872,negative
41,0.927,negative
40,0.983,negative
7,0.786,negative
12,1,negative
41,0.861,negative
40,0.996,negative
12,1,negative
11,0.803,negative
12,1,negative
41,0.85,negative
40,0.686,negative
23,0.507,negative
23,0.57,negative
17,0.566,negative
37,0.691,negative
54,0.619,negative
32,0.988,negative
13,0.938,negative
17,0.745,negative
13,0.872,negative
14,0.893,negative
14,0.929,negative
17,0.951,negative
13,0.692,negative
13,0.831,negative
14,0.732,negative
24,0.771,negative
13,0.936,negative
41,0.638,negative
41,0.784,negative
27,1,positive
41,1,positive
12,0.558,negative
21,0.513,negative
15,0.556,negative
17,0.529,negative
19,0.326,negative
12,0.317,negative
16,0.602,negative
16,0.527,negative
22,1,positive
9,1,negative
58,0.224,negative
182,0.62,negative
73,0.434,negative
107,0.683,negative
18,0.716,negative
125,0.858,negative
53,0.781,negative
43,0.721,negative
8,0.964,negative
30,0.833,negative
59,0.692,negative
7,0.786,negative
17,0.965,negative
3,1,negative
6,0.881,negative
33,0.74,negative
19,1,negative
17,0.782,negative
16,0.696,negative
19,0.643,negative
18,0.714,negative
6,0.778,negative
11,0.873,negative
16,1,negative
8,0.975,negative
29,0.67,negative
21,0.757,negative
46,0.737,negative
8,1,negative
55,0.808,negative
23,0.832,negative
49,0.735,negative
17,0.941,negative
3,0.867,negative
26,0.808,negative
27,0.852,negative
14,1,negative
18,0.651,negative
9,0.905,negative
4,0.964,negative
14,0.898,negative
19,0.767,negative
27,0.764,negative
4,1,negative
38,0.85,negative
33,0.848,negative
9,0.857,negative
6,1,negative
30,0.79,negative
8,0.732,negative
46,0.575,negative
220,0.758,negative
38,0.73,negative
251,0.672,negative
151,0.77,negative
29,0.837,negative
13,0.648,negative
54,0.608,negative
7,0.857,negative
11,0.844,negative
49,0.744,negative
27,0.947,negative
21,0.939,negative
19,1,negative
41,0.527,negative
63,0.694,negative
47,0.702,negative
56,0.603,negative
22,0.697,negative
5,0.867,negative
22,1,negative
16,0.705,negative
81,0.591,negative
15,0.933,negative
5,1,negative
135,0.626,negative
21,0.85,negative
87,0.589,negative
8,1,negative
35,1,negative
14,0.847,negative
11,0.922,negative
13,0.835,negative
9,0.81,negative
41,0.777,negative
46,1,negative
20,0.757,negative
14,0.943,negative
262,0.606,negative
49,0.751,negative
21,0.728,negative
49,0.685,negative
23,0.944,negative
5,0.571,negative
37,0.706,negative
17,0.824,negative
11,0.712,negative
6,0.944,negative
214,0.748,negative
43,0.947,negative
56,0.617,negative
11,0.987,negative
33,0.848,negative
23,0.88,negative
23,1,negative
11,0.922,negative
20,0.871,negative
49,0.72,negative
38,0.55,negative
15,1,negative
66,0.924,negative
54,0.852,negative
49,0.791,negative
11,0.83,negative
36,0.96,negative
29,0.936,negative
11,0.961,negative
26,1,negative
9,0.968,negative
31,0.788,negative
9,0.952,negative
27,0.685,negative
4,1,negative
5,0.95,negative
5,1,negative
15,0.981,negative
37,1,negative
9,0.905,negative
11,1,negative
19,0.917,negative
8,0.893,negative
55,0.699,negative
29,0.946,negative
4,0.857,negative
14,0.98,negative
17,0.916,negative
38,0.639,negative
23,0.554,negative
41,0.661,negative
33,0.848,negative
4,1,negative
19,0.711,negative
49,0.694,negative
13,0.857,negative
13,0.978,negative
30,0.871,negative
14,1,negative
14,0.786,negative
18,0.968,negative
7,1,negative
26,0.929,negative
17,1,negative
9,0.796,negative
26,0.974,negative
5,1,negative
48,0.685,negative
31,0.853,negative
42,0.844,negative
46,0.745,negative
11,1,negative
21,0.778,negative
58,0.531,negative
49,0.653,negative
8,0.736,negative
22,0.934,negative
32,0.804,negative
19,0.673,negative
18,0.787,negative
15,0.838,negative
16,0.955,negative
32,0.913,negative
56,0.602,negative
16,0.922,negative
7,0.786,negative
33,0.813,negative
10,0.75,negative
25,0.787,negative
19,0.977,negative
29,0.889,negative
49,0.721,negative
13,0.934,negative
57,0.798,negative
54,0.778,negative
11,1,negative
24,0.661,negative
38,0.688,negative
23,0.816,negative
49,0.687,negative
43,0.807,negative
8,0.804,negative
19,0.977,negative
7,0.971,negative
6,1,negative
262,0.601,negative
17,0.79,negative
9,0.746,negative
40,0.971,negative
48,0.821,negative
25,0.88,negative
13,1,negative
16,1,negative
38,0.955,negative
7,1,negative
9,1,negative
47,0.781,negative
16,0.945,negative
6,0.813,negative
26,0.912,negative
65,0.786,negative
18,0.825,negative
21,0.643,negative
13,1,negative
93,0.538,negative
21,0.81,negative
27,0.175,negative
44,0.734,negative
19,0.624,negative
24,0.851,negative
39,0.853,negative
11,0.935,negative
15,0.886,negative
13,1,negative
4,1,negative
18,0.952,negative
13,0.835,negative
40,0.782,negative
47,0.773,negative
7,0.98,negative
11,0.974,negative
30,0.796,negative
20,0.879,negative
11,0.727,negative
23,0.845,negative
9,0.952,negative
13,0.934,negative
19,0.669,negative
28,0.814,negative
32,0.863,negative
24,0.95,negative
19,0.937,negative
54,0.741,negative
39,0.624,negative
57,0.659,negative
10,1,negative
32,0.83,negative
6,1,negative
21,1,negative
7,0.762,negative
5,0.829,negative
13,0.846,negative
9,0.857,negative
35,0.939,negative
14,0.969,negative
11,0.792,negative
20,1,negative
31,0.839,negative
23,0.677,negative
39,0.733,negative
7,0.878,negative
39,0.824,negative
54,0.799,negative
32,0.83,negative
51,0.784,negative
48,0.652,negative
13,0.989,negative
8,0.679,negative
17,0.891,negative
10,0.829,negative
11,0.909,negative
13,0.8,negative
11,0.955,negative
19,0.842,negative
14,0.786,negative
20,0.813,negative
26,0.872,negative
30,0.671,negative
10,0.925,negative
13,0.846,negative
39,0.853,negative
18,0.867,negative
16,0.76,negative
27,0.841,negative
8,0.786,negative
17,0.95,negative
11,0.922,negative
11,0.779,negative
23,0.783,negative
7,1,negative
8,0.875,negative
13,0.667,negative
16,0.705,negative
28,0.78,negative
34,0.584,negative
18,0.627,negative
11,0.727,negative
21,0.912,negative
14,0.755,negative
52,0.788,negative
14,1,negative
18,0.811,negative
36,0.961,negative
11,0.948,negative
29,0.747,negative
37,0.586,negative
16,0.92,negative
26,0.779,negative
11,0.727,negative
13,0.938,negative
7,1,negative
14,1,negative
30,0.886,negative
9,0.619,negative
16,0.955,negative
11,0.61,negative
27,1,negative
7,0.796,negative
21,0.789,negative
33,0.896,negative
17,0.908,negative
12,0.81,negative
19,0.94,negative
30,1,negative
8,0.768,negative
11,0.844,negative
24,0.588,negative
24,0.774,negative
20,0.75,negative
30,0.937,negative
19,0.895,negative
11,1,negative
16,0.634,negative
7,1,negative
22,0.714,negative
17,0.647,negative
33,0.564,negative
14,0.959,negative
18,0.976,negative
5,1,negative
41,0.774,negative
20,0.578,negative
6,1,negative
4,0.857,negative
14,0.98,negative
15,0.908,negative
21,0.714,negative
72,0.548,negative
21,0.748,negative
38,0.729,negative
11,0.935,negative
32,0.777,negative
36,0.873,negative
63,0.617,negative
43,0.85,negative
24,0.607,negative
19,0.684,negative
30,0.762,negative
7,0.898,negative
11,1,negative
28,0.77,negative
20,0.864,negative
14,0.827,negative
11,0.833,negative
19,0.904,negative
32,0.862,negative
10,0.85,negative
14,1,negative
24,0.468,negative
24,0.778,negative
11,0.97,negative
8,0.975,negative
20,1,negative
4,0.679,negative
51,0.871,negative
11,0.961,negative
44,0.673,negative
24,0.764,negative
38,0.748,negative
4,0.893,negative
25,0.806,negative
22,0.805,negative
21,0.912,negative
27,0.87,negative
13,0.835,negative
8,1,negative
33,0.987,negative
9,0.753,negative
11,0.778,negative
40,0.939,negative
11,1,negative
31,0.652,negative
38,0.463,negative
43,0.605,negative
7,1,negative
21,0.741,negative
11,0.974,negative
14,1,negative
13,0.91,negative
10,0.967,negative
6,0.967,negative
12,1,negative
49,0.649,negative
13,0.846,negative
11,0.955,negative
13,1,negative
16,0.672,negative
11,0.788,negative
30,0.8,negative
20,0.925,negative
22,0.977,negative
21,0.79,negative
29,0.613,negative
34,0.756,negative
6,0.976,negative
41,0.721,negative
46,0.994,negative
8,0.875,negative
14,1,negative
20,0.99,negative
20,0.5,negative
7,0.786,negative
17,0.603,negative
19,0.724,negative
19,0.849,negative
14,0.847,negative
16,1,negative
14,0.847,negative
11,0.896,negative
33,0.844,negative
36,0.937,negative
251,0.515,negative
6,0.643,negative
19,0.406,negative
15,0.833,negative
6,1,negative
17,0.908,negative
20,0.657,negative
24,0.708,negative
19,0.662,negative
7,0.857,negative
11,0.831,negative
42,0.571,negative
14,0.857,negative
22,0.883,negative
4,0.344,negative
11,1,negative
34,0.937,negative
6,1,negative
45,0.805,negative
16,0.973,negative
11,0.766,negative
74,0.683,negative
31,0.673,negative
11,0.961,negative
47,0.604,negative
56,0.829,negative
24,0.762,negative
40,0.659,negative
27,0.988,negative
44,0.689,negative
26,0.517,negative
20,0.85,negative
19,0.93,negative
25,1,negative
11,0.97,negative
16,0.768,negative
33,0.903,negative
37,0.457,negative
11,0.545,negative
17,0.582,negative
5,0.622,negative
26,0.626,negative
21,0.837,negative
11,0.818,negative
86,0.701,negative
33,0.879,negative
9,0.746,negative
11,0.737,negative
22,0.763,negative
47,0.717,negative
11,0.649,negative
19,0.729,negative
25,0.709,negative
207,0.771,negative
51,0.91,negative
26,0.679,negative
28,0.607,negative
13,0.782,negative
11,0.712,negative
30,0.667,negative
12,0.903,negative
11,1,negative
20,0.7,negative
43,0.801,negative
19,0.827,negative
41,0.808,negative
11,0.974,negative
15,1,negative
65,0.73,negative
11,0.961,negative
44,0.775,negative
7,0.959,negative
23,0.839,negative
7,1,negative
11,0.818,negative
6,1,negative
4,0.938,negative
17,0.859,negative
40,0.935,negative
38,0.833,negative
19,1,negative
18,0.714,negative
23,0.783,negative
7,1,negative
41,0.743,negative
24,0.912,negative
39,0.695,negative
52,0.718,negative
26,0.795,negative
45,0.708,negative
8,0.95,negative
12,0.983,negative
9,1,negative
48,0.557,negative
43,1,negative
40,0.729,negative
17,0.874,negative
34,0.493,negative
59,0.659,negative
91,0.731,negative
103,0.663,negative
13,0.923,negative
13,0.974,negative
32,1,negative
28,0.95,negative
6,1,negative
3,1,negative
23,0.938,negative
5,0.886,negative
13,0.885,negative
12,0.944,negative
18,0.71,negative
10,0.771,negative
11,0.948,negative
30,0.6,negative
33,0.753,negative
44,0.455,negative
157,0.54,negative
11,0.909,negative
19,0.789,negative
18,1,negative
16,1,negative
7,0.943,negative
4,0.8,negative
26,0.846,negative
35,0.939,negative
37,0.772,negative
48,0.738,negative
86,0.517,negative
4,1,negative
27,0.889,negative
15,0.829,negative
26,0.725,negative
20,0.593,negative
17,0.782,negative
82,0.562,negative
65,0.846,negative
92,0.641,negative
48,0.657,negative
52,0.959,negative
43,0.888,negative
4,0.7,negative
20,0.617,negative
14,0.619,negative
11,1,negative
13,0.901,negative
30,0.948,negative
31,0.682,negative
262,0.655,negative
36,0.671,negative
18,1,negative
11,1,negative
25,1,negative
33,0.957,negative
17,0.987,negative
6,1,negative
13,0.824,negative
18,0.841,negative
38,0.628,negative
262,0.703,negative
19,0.886,negative
32,0.994,negative
23,1,negative
5,0.72,negative
41,0.662,negative
10,0.814,negative
54,0.878,negative
16,0.819,negative
8,0.875,negative
11,0.987,negative
18,0.984,negative
53,0.677,negative
53,0.927,negative
107,0.842,negative
17,0.882,negative
32,0.797,negative
33,0.874,negative
16,0.715,negative
11,0.939,negative
25,0.911,negative
14,0.897,negative
14,0.898,negative
10,1,negative
50,0.691,negative
16,0.764,negative
23,0.826,negative
16,0.917,negative
18,0.981,negative
31,0.812,negative
68,0.672,negative
23,0.839,negative
41,0.872,negative
47,0.763,negative
20,0.942,negative
13,0.88,negative
55,0.697,negative
37,0.811,negative
9,0.841,negative
16,1,negative
17,0.899,negative
11,0.883,negative
25,0.891,negative
7,0.939,negative
14,0.786,negative
35,0.771,negative
23,0.891,negative
58,0.744,negative
11,0.891,negative
47,0.833,negative
7,1,negative
40,0.936,negative
8,0.953,negative
11,0.675,negative
13,0.868,negative
41,0.653,negative
18,0.929,negative
10,0.7,negative
41,0.725,negative
45,0.67,negative
201,0.456,negative
202,0.254,negative
9,0.956,negative
10,0.786,negative
19,0.643,negative
19,0.98,negative
42,0.563,negative
17,0.863,negative
7,0.929,negative
29,0.966,negative
184,0.659,negative
35,0.924,negative
5,0.867,negative
5,0.833,negative
32,0.981,negative
11,0.927,negative
33,0.909,negative
42,0.603,negative
7,0.778,negative
39,0.698,negative
8,0.786,negative
4,0.679,negative
31,0.71,negative
54,0.734,negative
18,0.881,negative
11,0.922,negative
54,0.876,negative
13,0.978,negative
23,1,negative
31,0.843,negative
23,0.876,negative
10,0.55,negative
20,0.975,negative
3,0.933,negative
10,1,negative
21,0.857,negative
29,0.783,negative
13,0.824,negative
53,0.591,negative
44,0.604,negative
10,0.813,negative
19,0.662,negative
20,0.967,negative
7,0.592,negative
29,0.502,negative
4,0.75,negative
44,0.811,negative
6,0.9,negative
43,0.819,negative
398,0.664,negative
10,0.85,negative
65,1,positive
39,0.546,negative
15,0.783,negative
20,0.725,negative
19,0.724,negative
46,0.611,negative
9,0.792,negative
48,0.737,negative
12,0.738,negative
7,1,negative
8,0.768,negative
9,0.639,negative
9,0.683,negative
6,0.519,positive
25,0.629,negative
8,1,negative
10,1,negative
36,0.707,negative
12,0.885,negative
17,0.908,negative
35,0.825,negative
34,0.941,negative
28,0.759,negative
7,1,negative
12,0.583,positive
18,0.377,positive
9,0.889,negative
10,0.888,negative
13,0.981,negative
43,0.945,negative
29,0.855,negative
12,0.867,negative
33,0.852,negative
12,1,negative
18,0.889,negative
25,0.648,negative
6,0.833,negative
17,0.387,positive
22,0.473,positive
4,0.531,positive
271,0.559,negative
1,1,positive
21,0.515,positive
9,1,negative
43,0.939,negative
5,0.538,positive
26,0.851,negative
16,0.875,negative
10,0.988,negative
13,0.99,negative
16,0.867,negative
37,0.694,negative
30,0.788,negative
11,0.494,positive
8,0.938,negative
48,0.437,positive
48,0.364,positive
271,0.615,negative
48,0.374,positive
9,0.903,negative
25,0.615,negative
42,0.76,negative
7,1,negative
19,1,negative
35,0.996,negative
20,1,negative
13,0.933,negative
23,0.774,negative
30,1,negative
48,0.268,positive
57,0.719,negative
59,0.829,negative
4,0.875,negative
79,0.671,negative
36,0.958,negative
11,1,negative
4,0.667,positive
32,0.895,negative
27,0.918,negative
12,1,negative
17,0.935,negative
34,0.872,negative
60,0.788,negative
12,0.938,negative
42,0.862,negative
9,0.736,negative
36,0.875,negative
23,0.894,negative
13,0.798,negative
29,0.834,negative
22,0.784,negative
19,0.98,negative
16,0.946,negative
39,0.729,negative
16,0.938,negative
4,0.643,positive
47,0.112,positive
271,0.571,negative
46,0.304,positive
9,0.556,positive
46,0.554,positive
15,0.752,negative
94,0.675,negative
141,0.977,negative
127,1,positive
13,1,positive
22,0.731,negative
16,1,negative
15,0.963,negative
46,0.84,negative
9,0.722,negative
19,0.9,negative
32,0.994,negative
33,0.982,negative
4,0.9,negative
17,1,negative
6,1,negative
129,0.377,positive
7,0.314,positive
13,0.308,negative
9,0.667,negative
13,0.551,negative
5,0.554,positive
91,0.773,negative
6,0.854,negative
14,1,negative
24,0.917,negative
116,0.88,negative
9,0.436,positive
9,0.914,negative
12,0.852,negative
19,0.816,negative
18,0.877,negative
35,1,negative
9,0.958,negative
25,0.836,negative
42,0.955,negative
23,0.94,negative
10,0.988,negative
4,0.594,positive
18,0.991,negative
9,0.497,positive
15,0.844,negative
19,0.704,negative
4,0.65,positive
39,0.711,negative
19,0.868,negative
4,1,negative
25,0.904,negative
27,0.744,negative
31,0.992,negative
27,0.809,negative
4,0.75,positive
13,0.923,negative
4,1,positive
5,1,positive
32,0.797,negative
6,0.792,negative
12,0.802,negative
33,0.758,negative
23,0.783,negative
12,0.958,negative
18,0.817,negative
18,0.617,negative
34,0.765,negative
35,0.711,negative
13,0.449,positive
11,0.932,positive
20,0.9,negative
36,1,negative
30,0.6,negative
48,0.264,positive
48,0.269,positive
48,0.248,positive
52,0.605,negative
87,0.662,negative
59,0.69,negative
49,0.742,negative
4,0.75,positive
26,0.85,negative
56,0.931,negative
47,0.905,negative
9,0.877,negative
4,0.861,negative
25,0.84,negative
38,0.874,negative
10,0.925,negative
14,0.976,negative
1,1,positive
12,0.977,negative
45,0.733,negative
43,0.982,negative
25,0.938,negative
41,0.832,negative
30,0.78,negative
15,1,negative
12,0.885,negative
6,0.917,negative
84,0.679,negative
53,0.906,negative
56,0.942,negative
12,0.896,negative
47,0.757,negative
1,1,positive
134,0.777,negative
36,0.844,negative
79,0.713,negative
8,0.917,negative
47,0.202,positive
19,0.382,positive
272,0.743,negative
47,1,positive
86,1,positive
17,1,positive
19,1,positive
271,0.689,negative
21,0.911,negative
30,0.983,negative
11,0.818,negative
240,0.714,negative
11,0.927,negative
9,0.889,negative
29,0.752,negative
28,0.996,negative
15,0.992,negative
7,1,negative
29,0.996,negative
8,0.781,negative
22,0.596,negative
18,0.981,negative
244,0.801,negative
23,0.764,negative
12,0.719,negative
37,0.753,negative
9,0.986,negative
34,0.985,negative
22,0.614,negative
25,0.73,negative
272,0.763,negative
14,0.848,negative
16,0.93,negative
35,0.835,negative
15,0.867,negative
25,0.755,negative
10,0.825,negative
12,0.802,negative
36,0.673,negative
4,1,negative
31,1,negative
4,0.792,negative
271,0.615,negative
272,0.681,negative
1,1,negative
25,0.73,negative
32,0.767,negative
21,1,negative
10,0.913,negative
31,0.742,negative
49,0.997,negative
23,0.989,negative
18,0.931,negative
12,1,negative
27,0.856,negative
14,0.768,negative
12,0.792,negative
32,0.688,negative
25,0.707,negative
86,0.748,negative
12,0.927,negative
17,0.748,negative
98,0.602,negative
50,0.74,negative
28,0.657,negative
37,0.655,negative
51,0.743,negative
6,0.813,negative
8,1,negative
5,1,negative
44,0.818,negative
38,0.747,negative
25,0.909,negative
51,0.841,negative
35,0.806,negative
12,0.844,negative
35,0.929,negative
38,0.846,negative
25,0.815,negative
7,1,negative
4,1,negative
14,0.67,negative
16,0.743,negative
31,0.83,negative
20,0.87,negative
19,0.83,negative
25,0.68,negative
16,0.68,negative
52,0.827,negative
36,1,negative
24,0.818,negative
17,0.735,negative
13,0.99,negative
53,0.884,negative
47,0.698,negative
31,0.991,negative
5,0.8,negative
18,1,negative
4,0.8,negative
150,0.533,negative
202,0.689,negative
272,0.602,negative
185,0.826,negative
82,0.991,negative
13,0.783,negative
12,0.938,negative
38,0.803,negative
10,0.913,negative
12,0.896,negative
13,0.823,negative
16,0.828,negative
16,1,negative
9,0.958,negative
4,0.719,negative
18,0.944,negative
26,0.978,negative
7,0.886,negative
4,0.85,negative
271,0.728,negative
240,0.634,negative
26,0.654,negative
272,0.68,negative
17,0.941,negative
17,1,negative
48,0.863,negative
47,0.891,negative
8,1,negative
27,0.963,negative
20,0.728,negative
13,0.913,negative
34,0.706,negative
15,0.975,negative
26,1,negative
67,0.81,negative
23,0.831,negative
36,0.924,negative
12,0.948,negative
25,0.808,negative
272,0.703,negative
33,0.995,negative
20,0.7,negative
29,0.966,negative
19,0.912,negative
20,1,negative
18,0.896,negative
7,0.875,negative
13,0.913,negative
34,0.744,negative
15,1,negative
261,0.644,negative
34,0.783,negative
32,0.815,negative
12,0.818,negative
26,0.88,negative
16,0.792,negative
36,0.79,negative
64,0.694,negative
245,0.829,negative
21,0.81,negative
14,1,negative
36,0.991,negative
51,0.824,negative
73,0.844,negative
21,0.786,negative
27,1,negative
60,0.608,negative
14,1,negative
54,0.736,negative
7,0.768,negative
91,0.597,negative
14,0.973,negative
7,1,negative
12,0.927,negative
21,0.994,negative
18,0.882,negative
9,1,negative
24,0.795,negative
39,0.933,negative
12,1,negative
30,0.783,negative
8,1,negative
12,1,negative
26,1,negative
16,0.891,negative
52,0.858,negative
25,0.931,negative
32,0.816,negative
26,0.942,negative
28,0.8,negative
19,0.911,negative
18,1,negative
43,0.713,negative
7,0.886,negative
32,0.964,negative
8,0.958,negative
213,0.698,negative
53,0.889,negative
271,0.548,negative
96,0.68,negative
30,0.94,negative
76,0.688,negative
16,0.859,negative
34,0.925,negative
61,0.735,negative
19,1,negative
50,0.764,negative
27,0.804,negative
64,0.4,negative
55,0.645,negative
8,0.922,negative
12,0.938,negative
69,0.897,negative
14,0.759,negative
22,1,negative
21,0.964,negative
47,0.753,negative
15,0.829,negative
15,0.891,negative
19,1,negative
61,0.952,negative
50,0.868,negative
36,0.995,negative
22,1,negative
36,0.817,negative
26,0.821,negative
7,0.937,negative
24,0.722,negative
22,0.915,negative
31,1,negative
50,0.56,negative
54,0.817,negative
12,0.889,negative
41,0.734,negative
7,0.986,negative
52,0.802,negative
8,1,negative
12,0.75,negative
7,1,negative
12,0.896,negative
16,1,negative
16,0.93,negative
26,0.976,negative
69,0.68,negative
122,0.656,negative
145,0.724,negative
272,0.681,negative
49,0.773,negative
7,1,negative
18,0.901,negative
12,0.969,negative
42,1,negative
59,0.821,negative
54,0.824,negative
126,0.649,negative
39,0.747,negative
44,0.75,negative
7,1,negative
37,0.692,negative
15,0.625,negative
32,0.973,negative
45,0.783,negative
41,0.881,negative
25,0.588,negative
16,0.742,negative
10,0.85,negative
9,0.911,negative
261,0.578,negative
233,0.677,negative
35,0.755,negative
8,0.766,negative
31,0.782,negative
22,0.778,negative
33,0.867,negative
40,0.618,negative
8,0.969,negative
12,0.927,negative
20,0.872,negative
9,0.972,negative
15,0.85,negative
12,0.927,negative
25,0.828,negative
10,1,negative
4,0.656,negative
12,0.875,negative
26,0.954,negative
6,0.817,negative
57,0.577,negative
28,0.777,negative
23,0.678,negative
32,0.534,negative
12,0.688,negative
17,0.831,negative
42,0.654,negative
14,0.839,negative
37,0.922,negative
26,0.909,negative
28,0.79,negative
44,0.623,negative
12,0.933,negative
40,0.783,negative
14,0.929,negative
33,0.922,negative
9,0.722,negative
43,0.977,negative
13,1,negative
33,0.73,negative
37,0.753,negative
29,0.618,negative
50,0.993,negative
38,0.964,negative
26,0.933,negative
52,0.688,negative
39,0.927,negative
7,0.976,negative
261,0.564,negative
146,0.58,negative
19,0.954,negative
35,0.583,negative
57,0.838,negative
272,0.589,negative
26,0.804,negative
10,0.789,negative
28,0.976,negative
25,0.811,negative
8,1,negative
27,0.778,negative
8,0.953,negative
16,0.769,negative
19,0.905,negative
7,0.871,negative
13,0.915,negative
7,1,negative
10,0.867,negative
13,0.808,negative
42,0.899,negative
44,0.87,negative
26,0.815,negative
30,0.73,negative
27,0.596,negative
52,0.877,negative
76,0.711,negative
15,0.813,negative
18,0.911,negative
15,0.752,negative
35,0.833,negative
26,1,negative
8,0.964,negative
51,0.637,negative
114,0.741,negative
9,1,negative
29,0.681,negative
105,0.579,negative
101,0.688,negative
64,0.912,negative
32,0.788,negative
14,0.969,negative
61,0.657,negative
25,1,negative
21,0.254,positive
109,0.543,negative
221,0.536,negative
146,0.691,negative
10,0.84,negative
16,0.695,positive
19,0.664,negative
46,0.583,negative
25,0.78,negative
30,0.75,negative
14,0.759,negative
5,0.6,negative
34,0.526,positive
30,0.46,positive
12,0.944,negative
7,0.571,negative
7,0.612,negative
12,0.9,negative
261,0.637,negative
154,0.522,negative
155,0.803,negative
39,0.405,positive
17,0.627,positive
24,0.953,negative
41,0.693,negative
15,0.947,negative
12,0.867,negative
55,0.756,negative
6,0.929,negative
19,0.88,negative
8,1,negative
7,0.959,negative
29,1,negative
53,0.734,negative
19,0.737,negative
13,0.885,negative
144,0.625,negative
12,0.81,negative
2,0.857,negative
54,0.781,negative
51,0.814,negative
7,0.857,negative
37,0.954,negative
11,0.955,negative
6,0.917,negative
43,0.762,negative
28,0.795,negative
3,0.778,negative
7,1,negative
2,0.7,negative
2,0.875,negative
3,0.917,negative
2,0.714,negative
72,0.667,negative
150,0.585,negative
9,0.878,negative
34,0.853,negative
10,0.89,negative
9,0.681,negative
15,0.895,negative
30,0.843,negative
20,0.717,negative
13,1,negative
10,0.914,negative
20,1,negative
13,0.756,negative
15,0.787,negative
12,0.6,negative
13,0.677,negative
49,0.527,negative
17,0.745,negative
41,0.694,negative
14,1,negative
4,0.719,negative
39,0.962,negative
23,0.648,negative
16,0.961,negative
39,0.881,negative
20,0.73,negative
10,0.9,negative
10,0.8,negative
13,0.8,negative
14,0.5,negative
20,0.829,negative
17,0.953,negative
145,0.747,negative
62,0.656,negative
16,0.969,negative
24,0.865,negative
9,0.722,negative
261,0.767,negative
20,0.863,negative
39,0.908,negative
61,0.954,negative
14,0.536,positive
42,0.889,negative
20,0.193,positive
32,0.801,negative
14,1,negative
23,0.723,negative
25,0.534,positive
27,0.554,positive
43,0.183,positive
40,0.683,negative
14,0.991,negative
32,0.773,negative
31,0.752,negative
33,0.981,negative
20,0.906,negative
12,0.917,negative
29,0.496,positive
34,0.849,negative
109,0.62,negative
103,0.61,negative
91,0.44,negative
9,0.728,negative
12,0.927,negative
40,0.906,negative
57,0.695,negative
28,0.975,negative
8,0.9,negative
15,0.78,negative
3,0.556,negative
20,0.979,negative
20,0.857,negative
8,0.896,negative
3,0.6,negative
2,0.722,positive
2,0.7,negative
221,0.544,negative
35,0.771,negative
33,0.745,negative
7,0.786,negative
12,0.813,negative
16,0.852,negative
20,0.993,negative
4,1,negative
35,1,negative
33,0.63,negative
30,0.833,negative
26,0.955,negative
26,0.785,negative
22,0.909,negative
15,0.711,negative
19,0.8,negative
37,0.757,negative
11,0.818,negative
13,0.8,negative
14,0.743,negative
25,0.502,negative
10,0.763,negative
54,0.697,negative
29,0.731,negative
16,0.744,negative
39,0.59,negative
14,0.679,negative
12,0.667,negative
35,0.843,negative
9,0.819,negative
22,0.483,negative
36,0.531,negative
16,0.542,negative
31,0.839,negative
45,0.564,negative
23,0.783,negative
34,0.717,negative
12,0.99,negative
28,0.957,negative
41,0.956,negative
15,1,negative
12,1,negative
9,0.933,negative
36,0.789,negative
26,0.769,negative
24,0.958,negative
30,0.96,negative
71,0.574,negative
16,1,negative
14,0.886,negative
16,1,negative
15,1,negative
7,0.757,negative
74,0.708,negative
30,0.863,negative
51,0.773,negative
79,0.742,negative
127,0.686,negative
20,0.61,negative
20,0.9,negative
18,0.654,negative
35,0.72,negative
19,0.664,negative
64,0.597,negative
33,0.927,negative
16,0.888,negative
14,0.768,negative
76,0.689,negative
9,0.736,negative
21,0.917,negative
5,0.943,negative
7,0.633,negative
25,0.606,negative
53,0.602,negative
5,1,negative
14,0.871,negative
12,0.958,negative
20,0.95,negative
19,0.789,negative
59,0.775,negative
5,0.95,negative
6,0.979,negative
8,0.844,negative
41,0.69,negative
29,0.884,negative
19,1,negative
33,0.795,negative
6,1,negative
92,0.913,negative
10,0.96,negative
228,0.61,negative
18,0.706,negative
12,0.958,negative
18,0.883,negative
23,0.891,negative
24,0.974,negative
66,0.638,negative
62,0.871,negative
14,0.705,negative
7,1,negative
262,0.788,negative
15,0.908,negative
25,0.816,negative
7,0.946,negative
12,0.896,negative
13,1,negative
6,0.896,negative
30,0.87,negative
10,0.93,negative
12,0.969,negative
20,0.944,negative
16,0.742,negative
18,0.88,negative
4,1,negative
25,0.865,negative
24,0.688,negative
19,0.704,negative
8,0.813,negative
262,0.742,negative
39,0.955,negative
23,0.617,negative
27,0.746,negative
27,0.993,negative
20,0.736,negative
23,0.967,negative
20,1,negative
35,0.921,negative
30,0.93,negative
19,0.768,negative
46,0.683,negative
28,0.85,negative
41,0.945,negative
14,1,negative
33,0.779,negative
40,0.919,negative
20,1,negative
45,0.558,negative
18,0.991,negative
14,1,negative
4,1,negative
14,0.897,negative
60,0.915,negative
5,1,negative
41,0.632,negative
14,0.768,negative
23,0.832,negative
9,0.903,negative
12,0.948,negative
20,0.931,negative
16,0.781,negative
12,0.969,negative
14,0.795,negative
33,0.886,negative
46,0.604,negative
4,1,negative
49,0.76,negative
34,0.75,negative
10,0.933,negative
14,0.943,negative
261,0.524,negative
262,0.757,negative
260,0.737,negative
262,0.826,negative
11,0.966,negative
37,0.831,negative
24,0.672,negative
19,0.974,negative
33,0.848,negative
30,0.71,negative
7,0.946,negative
41,0.857,negative
30,0.896,negative
262,0.703,negative
53,0.767,negative
30,0.85,negative
18,0.979,negative
52,0.652,negative
29,0.803,negative
13,0.942,negative
9,0.792,negative
12,0.99,negative
22,0.582,negative
89,0.559,negative
26,0.819,negative
18,0.914,negative
4,1,negative
58,0.84,negative
18,0.931,negative
61,0.875,negative
19,0.961,negative
34,0.971,negative
27,0.83,negative
38,0.632,negative
12,1,negative
20,0.981,negative
16,0.992,negative
10,0.913,negative
22,0.818,negative
31,0.722,negative
34,0.815,negative
32,0.889,negative
25,1,negative
23,1,negative
12,0.927,negative
26,0.769,negative
261,0.661,negative
175,0.469,negative
40,0.806,negative
70,0.727,negative
262,0.691,negative
23,0.88,negative
39,0.99,negative
9,1,negative
10,0.913,negative
40,0.68,negative
14,1,negative
30,0.711,negative
25,1,negative
26,0.985,negative
12,0.906,negative
53,0.908,negative
99,0.774,negative
31,0.713,negative
9,0.778,negative
54,0.689,negative
50,0.915,negative
15,0.925,negative
35,0.918,negative
34,0.8,negative
16,0.898,negative
12,0.69,negative
24,0.839,negative
17,0.86,negative
19,0.809,negative
24,0.688,negative
31,0.952,negative
80,0.933,negative
15,0.83,negative
74,0.695,negative
39,0.721,negative
73,0.79,negative
33,0.705,negative
8,0.975,negative
4,0.792,negative
251,0.708,negative
52,0.752,negative
25,0.67,negative
9,0.986,negative
35,0.986,negative
17,0.956,negative
18,0.865,negative
38,0.902,negative
4,1,negative
21,0.667,negative
242,0.579,negative
63,0.795,negative
29,0.893,negative
5,1,negative
25,0.77,negative
9,0.708,negative
56,0.706,negative
14,1,negative
7,0.976,negative
23,0.862,negative
261,0.713,negative
262,0.618,negative
261,0.638,negative
7,1,negative
14,0.884,negative
52,0.675,negative
18,1,negative
17,0.978,negative
12,0.865,negative
23,0.826,negative
31,0.835,negative
13,0.971,negative
4,1,negative
13,0.923,negative
12,0.958,negative
41,0.81,negative
9,0.901,negative
22,0.909,negative
120,0.765,negative
64,0.479,negative
53,0.58,negative
33,0.886,negative
42,0.823,negative
13,0.945,negative
18,0.984,negative
19,0.97,negative
4,1,negative
20,0.929,negative
29,0.648,negative
46,0.857,negative
13,0.933,negative
12,0.698,negative
50,0.728,negative
9,0.698,negative
27,0.644,negative
41,1,negative
18,0.765,negative
7,1,negative
14,0.929,negative
27,1,negative
7,1,negative
15,0.947,negative
32,0.98,negative
5,1,negative
26,0.822,negative
25,0.795,negative
52,0.88,negative
15,0.925,negative
24,0.964,negative
22,1,negative
119,0.665,negative
34,0.8,negative
7,1,negative
63,0.734,negative
8,1,negative
7,1,negative
261,0.596,negative
15,0.95,negative
157,0.565,negative
171,0.452,negative
16,0.925,negative
108,0.868,negative
44,0.957,negative
24,0.969,negative
26,0.563,negative
52,0.85,negative
43,0.892,negative
5,1,negative
6,0.917,negative
9,0.792,negative
12,0.844,negative
20,1,negative
16,0.857,negative
36,0.711,negative
56,0.688,negative
7,0.833,negative
97,0.635,negative
9,0.856,negative
37,0.897,negative
14,0.9,negative
40,0.683,negative
41,0.539,negative
212,0.61,negative
45,0.718,negative
18,1,negative
38,0.766,negative
45,0.771,negative
16,0.844,negative
40,0.875,negative
20,0.855,negative
16,0.93,negative
21,0.958,negative
7,0.964,negative
4,0.781,negative
32,0.895,negative
23,0.791,negative
9,0.841,negative
33,0.818,negative
4,0.75,negative
262,0.677,negative
132,0.44,negative
168,0.909,negative
9,0.5,negative
31,0.734,negative
72,0.845,negative
14,0.786,negative
39,0.709,negative
23,0.83,negative
31,0.862,negative
14,0.939,negative
9,0.667,negative
33,0.83,negative
18,0.952,negative
3,1,negative
28,0.996,negative
16,0.969,negative
6,0.792,negative
39,0.779,negative
22,0.714,negative
262,0.57,negative
29,0.78,negative
45,0.584,negative
6,0.952,negative
31,0.922,negative
15,0.92,negative
261,0.679,negative
100,0.724,negative
93,0.784,negative
59,0.763,negative
78,0.751,negative
25,0.59,negative
43,0.707,negative
10,0.889,negative
3,1,negative
36,0.781,negative
18,0.458,negative
7,0.964,negative
14,1,negative
46,0.957,negative
22,1,negative
20,0.986,negative
48,0.865,negative
9,0.889,negative
35,0.939,negative
8,0.714,negative
11,0.974,negative
25,0.737,negative
119,0.92,negative
39,0.756,negative
20,0.707,negative
4,1,negative
6,1,negative
35,0.157,negative
49,0.612,negative
3,1,negative
23,1,negative
23,0.913,negative
112,0.469,negative
23,0.897,negative
116,0.759,negative
25,0.772,negative
40,0.913,negative
48,0.556,negative
12,0.75,negative
18,0.757,negative
24,0.625,negative
16,0.781,negative
33,0.678,negative
53,0.915,negative
22,0.777,negative
176,0.583,negative
12,0.988,negative
25,0.88,negative
36,0.861,negative
43,0.75,negative
12,0.952,negative
16,0.768,negative
22,0.595,negative
41,0.643,negative
8,0.729,negative
67,0.919,negative
67,0.935,positive
67,0.607,negative
69,0.833,negative
106,0.478,negative
225,0.893,negative
38,0.957,negative
177,0.927,negative
280,0.904,negative
185,0.95,negative
291,0.957,negative
73,0.846,negative
98,0.874,negative
111,0.769,negative
63,0.991,negative
99,0.778,positive
32,0.73,negative
214,0.899,negative
82,0.713,negative
179,0.745,negative
106,0.698,negative
103,0.877,negative
123,0.74,negative
184,0.626,negative
165,0.713,negative
536,0.512,positive
353,0.292,negative
144,0.384,negative
11,0.545,negative
536,0.737,positive
233,0.838,negative
32,0.891,negative
509,0.388,negative
9,0.667,negative
13,1,negative
304,0.749,negative
51,0.969,negative
13,0.934,negative
88,1,negative
132,0.693,negative
13,0.912,negative
268,0.686,negative
509,0.501,negative
13,0.879,negative
535,0.614,positive
81,0.968,negative
347,0.433,negative
150,0.594,negative
12,1,negative
536,0.622,positive
91,0.975,negative
31,0.974,negative
510,0.541,negative
12,0.786,negative
465,0.644,negative
135,0.671,negative
11,0.935,negative
19,0.789,negative
35,1,negative
89,1,negative
40,1,negative
536,0.533,positive
7,0.571,negative
82,0.925,negative
280,0.709,negative
69,0.344,negative
12,0.778,negative
343,0.677,negative
80,0.468,negative
13,0.978,negative
60,1,negative
344,0.838,negative
103,0.62,negative
13,0.808,negative
331,0.527,negative
109,0.508,negative
13,0.846,negative
532,0.642,negative
13,0.662,negative
510,0.636,negative
13,0.974,negative
508,0.69,negative
518,0.429,negative
12,0.792,negative
145,0.773,negative
283,0.727,negative
453,0.363,negative
66,0.903,negative
535,0.92,positive
57,1,negative
226,0.971,negative
38,0.98,negative
60,0.457,positive
98,0.639,negative
4,0.7,negative
176,0.969,negative
280,0.913,negative
4,0.4,negative
5,0.56,negative
186,0.953,negative
291,0.934,negative
73,0.875,negative
100,0.987,negative
63,0.991,negative
110,0.872,negative
31,0.745,positive
214,0.865,negative
4,0.583,negative
4,0.5,negative
82,0.753,negative
4,0.6,negative
180,0.759,negative
107,0.693,negative
102,0.929,negative
123,0.75,negative
4,0.438,negative
185,0.783,negative
166,0.75,negative
4,0.45,negative
536,0.558,positive
31,0.974,negative
84,0.689,negative
240,0.605,negative
272,0.532,negative
148,0.685,negative
535,0.444,negative
508,0.597,negative
519,0.394,negative
535,0.318,negative
508,0.343,negative
163,0.831,negative
101,0.816,negative
508,0.52,negative
520,0.308,negative
535,0.629,positive
81,0.957,negative
148,0.725,negative
534,0.503,negative
306,0.751,negative
174,0.72,negative
534,0.516,negative
534,0.519,negative
267,0.517,negative
196,0.644,negative
534,0.733,negative
534,0.417,negative
101,0.834,negative
275,0.717,negative
197,0.326,negative
536,0.353,positive
106,0.395,positive
298,0.71,negative
38,0.935,negative
468,0.922,negative
491,0.937,negative
75,0.87,negative
95,0.982,negative
61,0.988,negative
108,0.778,negative
32,0.742,positive
214,0.807,negative
83,0.741,negative
107,0.77,negative
180,0.738,negative
248,0.727,negative
103,0.825,negative
169,0.742,negative
185,0.688,negative
470,0.387,positive
64,0.602,positive
29,0.954,negative
150,0.628,negative
275,0.737,negative
245,0.607,negative
508,0.705,negative
256,0.603,negative
249,1,negative
534,0.633,negative
508,0.51,negative
508,0.393,negative
69,0.808,negative
532,0.72,negative
103,0.909,negative
274,0.583,negative
150,0.774,negative
34,0.782,negative
533,0.592,negative
62,0.852,negative
274,0.58,negative
193,0.813,negative
107,0.739,negative
464,0.55,negative
256,0.563,negative
263,1,negative
499,0.631,negative
305,0.501,negative
200,1,negative
277,1,positive
257,1,positive
147,0.956,negative
350,0.402,positive
37,0.992,negative
471,0.886,negative
495,0.952,negative
59,0.873,negative
96,0.988,negative
62,0.869,negative
109,0.779,negative
31,0.726,positive
216,0.856,negative
83,0.866,negative
182,0.789,negative
108,0.691,negative
249,0.636,negative
103,0.933,negative
187,0.786,negative
170,0.766,negative
537,0.528,positive
29,0.937,negative
152,0.677,negative
535,0.6,negative
535,0.667,negative
535,0.788,negative
535,0.634,negative
534,0.518,negative
69,0.683,negative
138,0.717,negative
218,0.582,negative
537,0.655,positive
76,0.961,negative
152,0.73,negative
284,0.601,negative
228,0.548,negative
535,0.482,negative
535,0.458,negative
535,0.681,negative
536,0.602,negative
533,0.803,negative
537,0.405,positive
349,0.453,negative
537,0.534,positive
105,0.456,positive
38,0.844,negative
228,0.942,negative
471,0.921,negative
494,0.93,negative
62,0.877,negative
96,0.883,negative
62,0.948,negative
109,0.774,negative
32,0.743,positive
215,0.997,negative
83,0.687,negative
181,0.74,negative
107,0.734,negative
102,0.895,negative
250,0.737,negative
185,0.686,negative
169,0.696,negative
98,0.653,positive
415,0.578,positive
63,0.508,positive
29,0.966,negative
151,0.5,negative
535,0.6,negative
535,0.676,negative
279,0.339,negative
233,0.665,negative
510,0.537,negative
525,0.444,negative
536,0.813,negative
536,0.358,negative
299,0.574,negative
217,0.686,negative
102,0.804,negative
535,0.498,negative
86,0.831,negative
505,0.626,negative
475,0.544,positive
99,0.616,positive
75,0.973,negative
61,0.803,negative
336,0.623,negative
155,0.614,negative
535,0.636,negative
298,0.592,negative
219,0.798,negative
299,0.687,negative
219,0.538,negative
537,0.621,positive
198,0.832,negative
13,0.723,negative
537,1,positive
105,0.417,positive
228,0.933,negative
37,0.933,negative
178,0.933,negative
282,0.878,negative
294,0.917,negative
186,0.989,negative
101,0.973,negative
96,0.982,negative
61,0.965,negative
109,0.854,negative
32,0.722,positive
215,0.789,negative
83,0.7,negative
181,0.773,negative
108,0.645,negative
103,0.864,negative
250,0.711,negative
186,0.812,negative
169,0.726,negative
63,1,positive
186,1,positive
214,1,positive
29,0.952,negative
151,0.627,negative
251,0.567,negative
262,0.684,negative
207,0.632,negative
262,0.43,negative
280,0.684,negative
209,0.828,negative
103,0.771,negative
270,0.495,negative
198,0.713,negative
343,0.605,negative
175,0.906,negative
492,0.541,negative
174,0.738,negative
143,1,negative
109,1,negative
535,0.47,negative
86,0.637,negative
219,0.601,negative
59,0.576,negative
123,1,negative
62,0.756,negative
314,0.587,negative
80,0.698,negative
62,1,positive
148,1,positive
278,1,positive
75,0.979,negative
151,0.549,negative
251,0.621,negative
141,0.787,negative
60,1,negative
127,0.718,negative
199,0.575,negative
89,1,negative
175,0.882,negative
203,0.767,negative
36,1,negative
69,0.772,negative
318,0.511,negative
141,0.757,negative
250,0.603,negative
198,0.359,negative
26,1,positive
13,1,positive
145,1,positive
36,1,positive
81,1,positive
187,1,positive
148,0.816,negative
37,0.555,positive
57,0.94,negative
138,0.697,negative
104,0.699,negative
38,0.907,negative
178,0.896,negative
187,0.918,negative
84,0.872,negative
187,0.939,negative
294,0.907,negative
86,0.945,negative
101,0.978,negative
63,0.954,negative
108,0.855,negative
32,0.744,negative
215,0.808,negative
84,0.632,negative
183,0.744,negative
110,0.627,negative
105,0.869,negative
249,0.739,negative
191,0.747,negative
168,0.697,negative
538,0.684,positive
511,0.338,negative
14,0.786,negative
538,0.703,positive
32,0.958,negative
176,0.552,negative
510,0.288,negative
15,0.808,negative
309,0.73,negative
187,0.747,negative
14,0.884,negative
511,0.634,negative
14,0.786,negative
40,0.872,negative
511,0.538,negative
15,0.833,negative
511,0.414,negative
15,0.767,negative
83,0.667,negative
474,0.578,negative
45,0.813,negative
14,0.776,negative
137,0.693,negative
375,0.519,negative
38,0.444,negative
129,0.647,negative
15,0.742,negative
73,0.803,negative
510,0.537,negative
15,0.924,negative
107,0.778,negative
511,0.542,negative
15,0.808,negative
537,0.555,positive
83,0.823,negative
175,0.624,negative
511,0.625,negative
15,0.65,negative
508,0.628,negative
490,0.323,negative
14,0.857,negative
41,0.697,negative
510,0.542,negative
195,0.383,negative
195,0.965,negative
13,1,negative
69,0.507,negative
538,0.424,positive
114,0.408,negative
14,0.908,negative
537,0.364,positive
57,0.97,negative
227,0.839,negative
38,0.935,negative
61,0.509,positive
98,0.98,negative
177,0.961,negative
281,0.903,negative
186,0.942,negative
292,0.954,negative
57,0.958,negative
111,0.81,negative
100,0.98,negative
63,0.998,negative
31,0.767,positive
215,0.993,negative
82,0.641,negative
181,0.738,negative
106,0.649,negative
102,0.893,negative
124,0.847,negative
185,0.786,negative
166,0.75,negative
537,0.747,positive
31,0.948,negative
34,0.748,negative
511,0.509,negative
173,0.86,negative
167,1,negative
21,0.643,negative
148,0.77,negative
535,0.658,negative
506,0.589,negative
521,0.386,negative
536,0.493,negative
53,0.679,negative
352,0.692,negative
171,0.574,negative
102,0.768,negative
194,0.691,negative
256,0.446,negative
60,1,negative
537,0.594,positive
80,0.96,negative
148,0.718,negative
510,0.595,negative
218,0.574,negative
279,0.545,negative
301,0.694,negative
218,0.623,negative
534,0.667,negative
213,0.784,negative
143,0.528,negative
317,0.484,negative
205,0.573,negative
194,0.597,negative
245,0.608,negative
65,1,negative
180,0.523,negative
172,0.731,negative
72,0.736,negative
158,0.346,negative
92,0.713,negative
45,1,negative
102,0.884,negative
535,0.688,negative
151,0.434,negative
363,0.532,negative
537,0.655,positive
57,0.951,negative
150,0.681,negative
104,0.639,negative
38,0.937,negative
61,0.483,positive
99,0.942,negative
178,0.873,negative
186,0.868,negative
84,0.82,negative
186,0.988,negative
292,0.915,negative
112,0.835,negative
60,0.842,negative
100,0.863,negative
63,0.941,negative
32,0.72,positive
216,0.747,negative
82,0.75,negative
181,0.737,negative
107,0.65,negative
103,0.831,negative
124,0.705,negative
186,0.786,negative
167,0.727,negative
537,0.609,positive
105,0.41,negative
315,0.248,negative
13,0.923,negative
538,0.596,positive
32,0.76,negative
62,0.645,negative
278,0.594,negative
216,0.511,negative
13,0.835,negative
492,0.781,negative
341,0.305,negative
14,0.905,negative
104,0.529,negative
99,0.745,negative
376,0.875,negative
120,0.752,negative
13,0.987,negative
511,0.798,negative
284,0.456,negative
172,0.678,negative
14,0.949,negative
259,0.697,negative
143,0.526,negative
13,0.846,negative
510,0.531,negative
14,0.939,negative
177,0.75,negative
353,0.634,negative
144,0.612,negative
14,0.881,negative
511,0.529,negative
14,0.814,negative
510,0.695,negative
488,0.343,negative
13,1,negative
99,0.778,negative
306,0.807,negative
163,0.667,negative
13,1,negative
537,0.567,positive
81,0.852,negative
66,0.707,negative
164,0.65,negative
71,0.672,negative
14,0.867,negative
177,1,negative
61,0.683,negative
268,0.637,negative
186,0.814,negative
13,0.923,negative
511,0.557,negative
13,0.857,negative
510,0.592,negative
13,0.923,negative
102,0.708,negative
273,0.808,negative
223,0.527,negative
14,0.827,negative
259,0.749,negative
50,0.96,negative
13,0.769,negative
31,1,negative
535,0.586,positive
58,0.927,negative
227,0.837,negative
38,0.955,negative
61,0.431,positive
98,0.704,negative
178,0.969,negative
280,0.899,negative
187,0.943,negative
292,0.914,negative
111,0.771,negative
99,0.886,negative
64,0.865,negative
100,0.879,negative
32,0.689,positive
215,0.746,negative
82,0.764,negative
180,0.832,negative
107,0.656,negative
102,0.867,negative
123,0.65,negative
186,0.778,negative
166,0.723,negative
500,0.421,positive
32,0.531,positive
31,0.844,negative
148,0.625,negative
457,0.63,negative
40,1,negative
523,0.305,negative
509,0.379,negative
140,0.666,negative
331,0.78,negative
168,0.369,negative
13,0.846,negative
69,0.826,negative
326,0.641,negative
171,0.605,negative
13,0.758,negative
101,0.771,negative
267,0.73,negative
136,0.775,negative
99,1,negative
535,0.697,negative
536,0.688,positive
81,0.932,negative
148,0.558,negative
264,0.656,negative
131,0.471,negative
70,1,negative
332,0.712,negative
190,0.62,negative
71,0.757,negative
310,0.792,negative
169,0.785,negative
241,0.498,negative
68,0.931,negative
104,1,negative
102,0.759,negative
233,0.687,negative
117,0.847,negative
508,0.53,negative
242,0.574,negative
74,1,negative
40,0.707,negative
535,0.594,negative
71,0.784,negative
504,0.665,negative
375,0.428,negative
45,0.944,negative
69,0.754,negative
112,0.667,negative
118,1,negative
50,1,negative
536,0.686,positive
14,0.536,negative
39,0.197,positive
278,0.144,positive
22,1,positive
54,1,positive
16,1,positive
10,0.74,negative
75,0.907,negative
158,0.641,positive
277,0.365,positive
149,0.472,positive
1,1,positive
1,1,positive
40,0.615,negative
38,0.62,negative
155,0.584,negative
1,1,positive
20,0.373,negative
17,0.529,negative
53,0.485,negative
25,1,positive
413,1,positive
15,1,positive
93,0.902,positive
12,0.851,negative
55,0.827,negative
27,0.833,negative
3,0.345,positive
118,0.616,negative
162,0.573,negative
9,0.889,negative
84,0.565,negative
67,0.823,negative
79,0.818,negative
190,0.457,negative
3,0.778,negative
180,1,positive
22,1,positive
11,1,positive
7,1,positive
10,1,positive
1,1,positive
5,0.514,negative
11,0.708,negative
37,0.722,negative
48,0.706,negative
80,0.719,negative
22,0.855,negative
71,0.659,negative
80,0.536,negative
36,0.92,negative
14,0.865,negative
15,0.971,negative
41,0.634,negative
1,1,positive
288,0.5,negative
27,0.709,negative
123,0.656,negative
67,0.517,negative
31,0.774,negative
18,0.656,negative
40,0.592,negative
10,0.69,negative
71,0.757,negative
85,0.614,negative
104,0.611,positive
185,0.772,negative
1,1,positive
331,0.535,negative
11,0.685,negative
12,0.732,negative
1,1,positive
340,0.521,negative
257,0.615,negative
342,0.548,negative
17,0.652,negative
13,0.577,negative
4,0.75,negative
7,1,negative
1,1,positive
379,1,positive
9,0.684,negative
6,0.449,negative
53,0.624,negative
45,0.566,negative
57,0.719,negative
50,0.746,negative
12,0.741,negative
1,1,positive
7,0.959,negative
8,0.972,negative
67,0.83,negative
45,0.694,negative
228,0.621,negative
80,0.435,negative
275,0.637,negative
89,0.496,negative
179,0.733,negative
320,0.514,negative
1,1,positive
14,1,positive
16,0.531,positive
19,1,positive
136,1,positive
11,1,positive
36,0.929,negative
12,1,positive
14,1,positive
15,1,positive
14,1,positive
104,1,positive
29,1,positive
78,1,positive
9,0.611,positive
145,0.963,positive
70,0.971,negative
314,0.671,positive
83,0.727,negative
155,0.642,negative
139,0.692,negative
137,0.622,negative
71,0.904,negative
36,1,positive
18,1,positive
99,0.96,negative
1,1,positive
90,0.718,negative
10,0.53,negative
43,0.86,negative
337,1,negative
402,0.631,negative
20,0.845,negative
1,1,positive
259,0.779,negative
125,0.959,negative
441,0.625,negative
18,0.796,negative
314,0.721,negative
159,0.763,negative
421,0.581,negative
3,0.778,negative
18,0.811,negative
91,0.628,negative
161,0.605,negative
371,0.59,negative
19,0.816,negative
322,0.714,negative
62,0.665,negative
385,0.561,negative
18,0.9,negative
80,0.882,negative
258,0.648,negative
133,0.966,negative
297,0.6,negative
20,0.78,negative
154,0.87,negative
137,0.991,positive
68,0.974,negative
357,0.655,positive
117,1,positive
47,1,positive
170,0.909,negative
82,0.73,negative
154,0.664,negative
72,0.86,negative
157,0.958,negative
183,0.747,negative
9,0.689,negative
141,0.932,negative
407,0.574,negative
10,0.46,negative
82,0.69,negative
435,0.571,negative
17,0.869,negative
430,0.772,negative
372,0.586,negative
18,0.772,negative
143,0.775,negative
336,0.958,negative
321,0.595,negative
18,0.844,negative
156,0.991,negative
124,1,negative
397,0.536,negative
20,0.733,negative
155,0.882,negative
364,0.562,negative
19,0.842,negative
186,0.771,negative
265,0.565,negative
3,0.889,negative
3,0.778,negative
19,0.837,negative
64,0.911,negative
350,0.589,negative
18,0.944,negative
273,0.701,negative
63,0.843,negative
1,1,positive
1,1,positive
547,0.483,positive
74,0.983,negative
40,1,negative
52,1,positive
32,1,negative
169,0.947,positive
82,0.839,negative
155,0.631,negative
71,0.866,negative
27,1,positive
39,1,positive
34,1,positive
107,0.982,negative
184,0.76,negative
9,0.531,negative
52,0.921,negative
399,0.593,negative
9,0.789,negative
126,0.961,negative
359,0.615,negative
18,0.778,negative
245,0.765,negative
124,0.961,negative
367,0.576,negative
19,0.774,negative
141,0.79,negative
344,0.712,negative
18,0.867,negative
153,0.643,negative
167,0.8,negative
419,0.526,negative
4,0.667,negative
17,0.771,negative
292,0.761,negative
326,0.589,negative
18,0.883,negative
253,0.826,negative
251,0.743,negative
269,0.625,negative
3,0.889,negative
18,0.864,negative
201,0.722,negative
246,0.765,negative
106,0.34,positive
28,1,positive
255,1,positive
10,1,positive
9,1,positive
1,1,positive
140,0.649,positive
54,0.951,negative
357,0.644,positive
171,0.912,negative
1,1,positive
83,0.795,negative
155,0.601,negative
72,0.885,negative
1,1,positive
19,1,positive
44,1,positive
14,1,positive
203,0.999,negative
8,0.764,negative
170,0.928,negative
121,0.98,negative
400,0.609,negative
8,0.792,negative
59,0.985,negative
354,0.598,negative
14,0.944,negative
130,0.697,negative
58,0.903,negative
1,1,positive
18,0.852,negative
335,0.677,negative
1,1,positive
222,0.692,negative
280,0.77,negative
106,1,negative
159,0.627,negative
17,0.856,negative
86,0.705,negative
266,1,negative
1,1,positive
349,0.668,negative
18,0.895,negative
1,1,positive
162,0.936,negative
18,0.694,negative
285,0.708,negative
159,0.719,negative
245,0.997,negative
332,0.659,negative
17,0.922,negative
1,1,positive
175,0.774,negative
205,0.708,negative
98,1,negative
17,0.759,negative
252,0.682,negative
151,0.785,negative
433,0.605,negative
17,0.889,negative
1,1,positive
252,0.775,negative
30,1,positive
94,1,positive
193,1,positive
347,0.567,positive
50,0.955,negative
378,0.584,negative
159,1,positive
169,0.971,negative
82,0.798,negative
154,0.639,negative
71,0.872,negative
166,0.98,negative
1,1,positive
183,0.841,negative
16,0.875,negative
240,0.821,negative
419,0.603,negative
3,0.889,negative
16,0.958,negative
136,0.778,negative
161,0.93,negative
19,0.858,negative
203,0.67,negative
62,0.78,negative
19,0.768,negative
390,0.59,negative
3,0.889,negative
123,0.798,negative
327,0.767,negative
371,1,negative
184,0.884,negative
19,0.858,negative
95,0.904,negative
201,0.641,negative
20,0.795,negative
165,0.706,negative
417,0.559,negative
19,0.836,negative
272,0.75,negative
319,0.577,negative
19,0.9,negative
98,0.724,negative
433,0.572,negative
20,0.856,negative
152,0.764,negative
340,0.563,negative
19,0.805,negative
183,0.681,negative
383,0.603,negative
1,1,positive
135,0.904,positive
1,1,positive
54,0.96,negative
315,0.594,positive
1,1,positive
83,0.726,negative
155,0.678,negative
72,0.862,negative
32,1,positive
261,0.945,negative
185,0.883,negative
10,0.53,negative
45,0.984,negative
284,0.54,negative
17,0.915,negative
160,0.763,negative
118,0.742,negative
16,0.963,negative
369,0.662,negative
123,0.962,negative
333,0.65,negative
19,0.816,negative
272,0.848,negative
281,0.551,negative
18,0.815,negative
152,0.765,negative
254,0.569,negative
20,0.68,negative
395,0.658,negative
157,0.874,negative
433,0.706,negative
19,0.871,negative
153,0.97,negative
267,0.662,negative
19,0.768,negative
193,0.829,negative
340,0.926,negative
184,0.885,negative
19,0.895,negative
215,0.792,negative
420,0.571,negative
3,1,negative
20,0.783,negative
140,0.756,negative
191,0.617,negative
19,0.86,negative
369,0.639,negative
14,0.204,positive
472,0.547,positive
72,0.94,negative
15,1,positive
132,1,negative
416,0.617,negative
9,0.689,negative
43,0.973,negative
198,0.983,negative
213,0.658,negative
4,0.75,negative
16,0.794,negative
82,0.669,negative
17,0.918,negative
266,0.579,negative
124,0.722,negative
320,0.585,negative
17,0.853,negative
133,0.721,negative
250,0.733,negative
320,0.561,negative
19,0.895,negative
250,0.768,negative
170,0.999,negative
184,0.796,negative
18,0.894,negative
249,0.77,negative
267,0.674,negative
19,0.874,negative
57,0.797,negative
1,1,positive
471,0.433,positive
72,0.991,negative
7,1,negative
83,0.742,negative
154,0.727,negative
71,0.95,negative
63,1,positive
209,0.992,negative
344,0.572,negative
20,0.909,negative
154,0.731,negative
198,0.932,negative
427,0.632,negative
23,0.826,negative
121,0.611,negative
409,0.604,negative
184,0.886,negative
350,0.577,negative
23,0.79,negative
121,0.761,negative
205,0.717,negative
367,0.575,negative
24,0.727,negative
138,0.75,negative
266,0.667,negative
382,0.567,negative
20,0.895,negative
181,0.759,negative
198,0.773,negative
42,1,positive
1,1,positive
79,0.967,negative
326,0.671,positive
96,0.582,positive
82,0.803,negative
155,0.687,negative
28,1,positive
72,0.938,negative
120,0.972,negative
344,0.662,negative
11,0.735,negative
135,0.833,negative
78,0.89,negative
322,0.753,negative
391,0.674,negative
4,0.917,negative
20,0.918,negative
70,0.639,negative
1,1,positive
353,0.608,negative
415,0.675,negative
20,0.838,negative
205,0.799,negative
195,0.781,negative
170,0.997,negative
359,0.652,negative
22,0.841,negative
341,0.724,negative
70,0.851,negative
203,0.929,negative
408,0.644,negative
22,0.847,negative
222,0.728,negative
59,0.792,negative
161,0.897,positive
80,0.848,negative
314,0.619,positive
82,0.821,negative
155,0.723,negative
71,0.863,negative
309,0.984,negative
356,0.626,negative
19,0.957,negative
389,0.678,negative
56,0.7,negative
22,0.788,negative
424,0.563,negative
4,0.917,negative
96,0.675,negative
87,0.962,negative
120,1,negative
389,0.569,negative
22,0.814,negative
62,0.646,negative
161,0.65,negative
198,0.999,negative
337,0.598,negative
23,0.834,negative
393,0.653,negative
256,0.765,negative
337,0.608,negative
22,0.852,negative
398,0.608,negative
212,0.693,negative
256,0.779,negative
424,0.557,negative
469,0.529,positive
83,0.914,negative
155,0.731,negative
71,0.937,negative
137,0.934,negative
20,0.854,negative
399,0.577,negative
227,0.731,negative
69,0.626,negative
382,0.6,negative
20,0.882,negative
87,0.628,negative
309,0.549,negative
22,0.81,negative
356,0.738,negative
284,0.725,negative
294,0.651,negative
22,0.806,negative
183,0.787,negative
81,0.695,negative
334,0.966,negative
22,0.784,negative
405,0.596,negative
4,0.917,negative
424,0.719,negative
302,0.804,negative
141,0.884,positive
54,0.849,negative
314,0.502,negative
9,1,negative
82,0.695,negative
155,0.722,negative
72,0.918,negative
23,1,positive
14,1,positive
45,1,positive
125,1,negative
376,0.58,negative
10,0.783,negative
352,0.738,negative
236,0.803,negative
4,1,negative
19,0.947,negative
154,0.704,negative
417,0.652,negative
404,0.674,negative
2,0.9,positive
2,0.536,positive
135,0.966,negative
2,0.636,positive
216,0.764,negative
22,0.864,negative
268,0.731,negative
4,0.917,negative
94,0.677,negative
2,1,positive
403,0.521,negative
22,0.88,negative
57,0.739,negative
356,0.576,negative
22,0.837,negative
439,0.724,negative
436,0.755,negative
94,0.922,negative
410,0.569,negative
22,0.888,negative
243,0.709,negative
378,0.684,negative
1,1,positive
57,0.906,negative
104,0.87,negative
64,0.947,negative
271,0.744,negative
268,0.694,negative
230,0.87,negative
150,0.756,negative
13,0.817,negative
157,0.987,negative
232,0.782,negative
13,0.788,negative
248,0.729,negative
177,0.693,negative
13,0.817,negative
171,0.778,negative
48,0.901,negative
13,0.989,negative
316,0.673,negative
281,0.856,negative
13,0.978,negative
268,0.754,negative
276,0.846,negative
278,0.798,negative
13,0.817,negative
358,0.863,negative
170,0.89,negative
19,0.925,negative
269,0.496,negative
398,0.745,negative
80,0.961,negative
12,0.813,negative
238,0.727,negative
88,0.668,negative
13,0.89,negative
279,0.687,negative
80,0.838,negative
19,0.91,negative
268,0.59,negative
162,0.527,negative
162,0.412,negative
109,0.959,negative
163,0.51,negative
162,0.79,negative
163,0.549,negative
163,0.982,negative
162,0.73,negative
104,0.683,negative
184,0.777,negative
5,0.829,negative
130,0.528,negative
17,0.647,negative
1,1,negative
116,0.416,negative
29,0.97,negative
257,0.49,negative
84,0.71,negative
63,0.804,negative
30,0.824,negative
510,0.927,positive
19,0.381,negative
24,0.735,negative
159,0.605,negative
168,0.661,negative
131,0.796,negative
206,0.793,negative
217,0.684,negative
184,0.697,negative
243,0.528,negative
219,0.617,negative
110,0.627,negative
128,0.72,negative
21,0.613,negative
23,0.808,negative
171,0.422,negative
166,0.606,negative
73,0.627,negative
125,0.601,negative
109,0.595,negative
27,0.496,negative
76,0.51,negative
18,0.778,negative
240,0.538,negative
51,0.831,negative
231,0.569,negative
231,0.64,negative
19,0.921,negative
70,0.417,negative
203,0.859,negative
22,0.513,negative
161,0.521,negative
24,0.792,negative
158,0.418,negative
92,0.694,negative
48,0.965,negative
95,0.645,negative
227,0.509,negative
243,0.48,negative
242,0.409,negative
192,0.579,negative
98,0.491,negative
22,0.765,negative
152,0.623,negative
11,0.433,negative
11,0.647,negative
141,0.645,negative
46,0.877,negative
229,0.484,negative
113,0.759,negative
69,0.632,negative
34,0.594,negative
58,0.745,negative
36,0.789,negative
46,0.804,negative
135,0.753,negative
118,0.497,negative
5,0.8,negative
145,0.658,negative
91,0.535,negative
177,0.498,negative
22,0.406,negative
150,0.579,negative
24,0.838,negative
117,0.642,negative
130,0.65,negative
239,0.476,negative
110,0.447,negative
21,0.444,positive
47,0.45,negative
25,0.71,negative
104,0.862,negative
31,0.944,negative
192,0.385,negative
162,0.235,negative
208,0.491,negative
22,0.757,negative
189,0.515,negative
92,0.604,negative
111,0.883,negative
24,0.75,negative
231,0.543,negative
185,0.358,negative
242,0.611,negative
48,0.613,negative
60,0.822,negative
211,0.653,negative
17,0.741,negative
198,0.332,positive
223,0.664,negative
67,0.548,negative
249,0.958,negative
23,0.621,negative
169,0.619,negative
100,0.637,negative
71,0.958,negative
210,0.483,negative
44,0.614,negative
97,0.461,negative
107,0.91,negative
34,0.156,negative
201,0.567,negative
213,0.746,negative
28,0.589,negative
98,0.608,negative
133,0.559,negative
72,0.651,negative
159,0.368,negative
245,0.523,negative
183,0.612,negative
541,0.747,positive
153,0.848,negative
58,0.893,negative
1,1,positive
192,0.589,negative
12,0.833,negative
284,0.698,negative
225,0.741,negative
325,0.692,negative
333,0.671,negative
197,0.699,negative
58,0.669,negative
323,0.557,negative
24,0.708,negative
37,0.954,negative
184,0.798,negative
44,0.677,negative
330,0.671,negative
33,0.677,negative
292,0.649,negative
50,0.74,negative
1,1,positive
93,0.763,negative
94,0.934,negative
284,0.553,negative
94,0.874,negative
24,0.935,negative
94,0.845,negative
167,0.752,negative
94,0.798,negative
95,0.979,negative
61,0.794,negative
95,0.667,negative
93,0.711,negative
288,0.564,negative
93,1,negative
18,1,negative
323,0.676,negative
95,0.787,negative
97,0.852,negative
293,0.596,negative
96,0.738,negative
96,0.925,negative
96,0.703,negative
96,0.74,negative
24,0.809,negative
239,0.615,negative
63,0.927,negative
298,0.791,negative
96,0.703,negative
96,0.817,negative
56,0.791,negative
94,0.945,negative
330,0.771,negative
96,0.644,negative
95,0.784,negative
319,0.674,negative
96,0.811,negative
82,0.802,negative
96,0.755,negative
24,0.872,negative
285,0.765,negative
96,0.939,negative
96,0.795,negative
1,1,positive
305,0.73,negative
96,0.856,negative
94,0.751,negative
19,0.632,negative
95,0.768,negative
331,0.69,negative
95,0.933,negative
96,0.668,negative
282,0.701,negative
97,0.703,negative
183,0.6,negative
97,0.794,negative
97,0.72,negative
93,0.962,negative
94,0.713,negative
97,0.791,negative
24,0.948,negative
91,0.59,negative
97,0.831,negative
97,0.701,negative
242,0.614,negative
96,0.753,negative
96,0.668,negative
140,0.886,negative
96,0.842,negative
303,0.669,negative
96,0.838,negative
96,0.797,negative
284,0.709,negative
69,0.96,negative
80,0.694,negative
96,0.717,negative
96,0.901,negative
96,0.575,negative
99,0.739,negative
96,0.724,negative
96,0.878,negative
1,1,positive
94,0.862,negative
92,0.522,negative
39,0.936,negative
39,0.826,negative
39,0.656,negative
286,0.226,positive
285,0.165,positive
73,0.445,positive
66,0.591,positive
50,0.487,positive
79,0.345,positive
1,1,positive
108,0.826,positive
32,0.5,negative
18,0.759,negative
9,0.395,negative
57,0.678,negative
20,1,positive
252,0.095,positive
31,0.811,negative
38,0.731,negative
5,0.221,positive
151,0.566,negative
88,0.49,negative
160,0.8,negative
92,0.907,negative
127,0.679,negative
1,1,positive
75,0.662,negative
119,0.872,negative
4,0.714,negative
41,1,negative
40,1,negative
42,1,negative
59,0.802,negative
1,1,positive
17,0.804,negative
120,0.748,negative
59,1,negative
125,0.735,negative
111,0.571,negative
164,0.838,negative
8,0.75,negative
40,1,negative
35,1,negative
31,0.834,negative
211,0.707,negative
93,0.734,negative
129,0.823,negative
7,0.952,negative
12,0.607,negative
88,0.726,negative
33,1,negative
63,1,positive
48,0.924,negative
38,0.91,negative
36,0.98,negative
76,0.859,negative
2,0.8,negative
56,0.401,negative
105,0.705,negative
53,0.245,negative
95,1,negative
75,0.698,negative
76,1,positive
20,0.613,negative
31,0.783,negative
98,0.645,negative
102,0.56,negative
21,0.738,negative
12,0.524,negative
69,0.879,negative
102,1,positive
77,0.731,negative
22,0.79,negative
62,0.963,negative
10,0.65,negative
7,0.738,negative
20,0.48,negative
91,1,negative
29,1,negative
17,0.739,negative
9,0.796,negative
56,0.471,negative
44,0.778,negative
128,0.764,positive
47,0.511,negative
22,1,negative
31,0.565,negative
8,0.875,negative
47,1,negative
44,0.795,negative
39,0.705,negative
8,0.625,negative
32,0.715,negative
50,0.63,negative
8,0.768,negative
77,1,negative
47,1,negative
42,1,negative
59,0.685,negative
82,0.303,negative
12,0.467,negative
58,0.259,negative
72,0.494,negative
45,1,negative
90,0.77,negative
2,0.714,positive
280,0.786,positive
296,0.285,negative
117,0.698,negative
46,0.776,negative
126,0.573,negative
55,0.661,negative
158,0.552,negative
30,0.871,negative
49,0.739,negative
118,0.869,negative
18,0.926,negative
20,0.983,negative
75,0.71,negative
17,0.86,negative
106,0.593,negative
6,0.857,negative
28,0.781,negative
30,0.821,negative
70,0.976,negative
31,0.88,negative
54,0.78,negative
15,0.733,negative
180,0.724,negative
34,0.916,negative
34,1,negative
65,0.895,negative
98,0.662,negative
138,0.609,negative
7,1,negative
104,0.258,negative
261,0.718,negative
98,0.712,negative
253,0.66,negative
80,0.769,negative
180,0.794,negative
65,0.925,negative
285,0.598,negative
92,0.532,negative
222,0.711,negative
28,0.847,negative
26,0.863,negative
32,0.613,negative
52,0.626,negative
21,0.85,negative
6,1,negative
13,0.692,negative
19,0.916,negative
16,0.938,negative
2,0.533,positive
85,0.725,negative
28,0.821,negative
61,0.667,negative
2,0.7,positive
18,0.873,negative
59,0.881,negative
45,0.881,negative
27,0.688,negative
24,0.568,negative
22,0.403,negative
34,0.273,negative
42,0.838,negative
6,0.867,negative
15,0.347,negative
11,0.836,negative
35,0.804,negative
40,0.682,negative
85,0.687,negative
27,0.622,negative
12,1,negative
15,0.571,negative
14,0.939,negative
37,0.676,negative
40,0.621,negative
39,0.48,negative
69,0.643,negative
87,0.856,negative
40,0.832,negative
46,0.833,negative
17,0.933,negative
96,0.688,negative
15,0.61,negative
24,0.808,negative
39,0.712,negative
8,1,negative
42,0.756,negative
29,0.779,negative
28,0.75,negative
10,0.771,negative
6,1,negative
13,0.892,negative
18,1,negative
25,0.928,negative
39,0.903,negative
7,0.857,negative
108,0.807,negative
34,0.761,negative
110,0.603,negative
132,0.588,negative
427,0.57,positive
110,0.556,positive
552,0.816,positive
186,0.654,negative
7,0.857,negative
20,0.672,negative
227,0.648,negative
39,0.585,negative
20,0.57,negative
12,0.439,negative
112,0.879,negative
18,0.655,negative
119,0.842,negative
283,1,positive
184,1,positive
16,1,positive
60,0.85,negative
367,0.77,negative
17,0.895,negative
22,0.814,negative
550,0.375,positive
370,0.648,negative
412,0.671,negative
117,0.714,negative
348,0.743,negative
390,0.735,negative
302,0.795,negative
227,0.97,negative
17,0.729,negative
23,0.787,negative
235,1,positive
58,1,positive
12,1,positive
69,1,positive
107,1,positive
440,0.626,negative
311,0.781,negative
18,0.744,negative
22,0.669,negative
550,0.401,positive
94,1,negative
422,0.58,negative
311,0.759,negative
18,0.872,negative
23,0.891,negative
463,0.382,positive
85,1,positive
409,0.578,negative
337,0.751,negative
423,0.762,negative
18,0.901,negative
23,0.735,negative
8,1,positive
544,0.406,positive
357,0.823,negative
188,0.71,negative
377,0.746,negative
274,0.817,negative
20,0.795,negative
22,0.909,negative
19,0.553,negative
17,1,positive
206,1,positive
325,0.537,positive
348,0.676,negative
218,0.737,negative
207,0.699,negative
245,0.797,negative
20,0.91,negative
23,0.891,negative
8,1,positive
17,1,positive
277,1,positive
199,1,positive
44,0.712,negative
553,0.884,positive
67,0.529,negative
259,0.978,positive
5,0.72,negative
342,0.466,negative
109,0.864,negative
65,0.908,negative
79,0.975,negative
57,0.952,negative
34,1,positive
18,0.437,negative
137,0.693,negative
311,0.582,negative
96,0.778,negative
158,0.952,negative
299,0.705,negative
128,0.745,negative
319,0.692,negative
59,0.672,negative
41,0.885,negative
105,0.105,positive
100,0.505,positive
1,1,positive
52,0.529,positive
161,1,positive
167,0.276,positive
181,0.661,negative
302,0.73,negative
295,0.559,negative
42,0.813,negative
263,0.589,negative
309,0.644,negative
108,0.686,negative
43,0.983,negative
35,0.849,negative
22,1,negative
13,0.487,negative
134,0.68,negative
48,0.39,positive
321,0.553,negative
112,0.786,negative
65,0.798,negative
178,0.795,negative
268,0.534,negative
75,0.758,negative
231,0.637,negative
8,0.9,negative
183,0.76,negative
85,0.869,negative
70,0.971,negative
71,1,positive
20,1,positive
172,1,positive
92,0.896,negative
95,0.929,negative
86,0.958,negative
9,0.889,negative
60,0.886,negative
90,0.738,negative
42,0.738,negative
106,1,positive
288,1,positive
74,0.83,negative
263,0.66,negative
19,0.779,negative
106,0.835,negative
346,0.581,negative
135,0.736,negative
346,0.716,negative
135,0.528,negative
326,0.716,negative
135,0.732,negative
340,0.736,negative
123,0.674,negative
346,0.749,negative
343,0.772,negative
19,0.781,negative
91,0.816,negative
346,0.731,negative
346,0.66,negative
346,0.707,negative
342,0.622,negative
63,0.914,negative
89,0.717,negative
42,0.714,negative
12,0.583,negative
10,0.65,negative
19,0.713,negative
30,0.597,negative
18,0.583,negative
16,0.572,negative
32,0.555,negative
82,0.39,negative
45,0.54,negative
28,0.912,negative
8,1,positive
95,1,positive
67,1,positive
10,1,positive
21,0.827,negative
32,0.496,negative
45,0.722,negative
28,0.496,negative
42,0.976,negative
22,0.79,negative
341,0.998,positive
41,0.616,negative
4,0.5,negative
10,0.743,negative
155,0.639,negative
10,0.91,negative
138,1,positive
180,0.611,negative
10,0.533,negative
342,0.996,positive
67,0.588,negative
82,0.832,negative
153,0.611,negative
11,0.876,negative
38,0.561,negative
126,1,positive
33,0.929,negative
7,0.603,negative
29,0.686,negative
155,0.964,negative
115,0.572,negative
31,0.606,negative
36,0.672,negative
9,0.825,negative
13,0.923,negative
342,0.897,positive
39,0.487,negative
28,0.592,negative
33,0.793,negative
1,1,positive
303,0.268,negative
5,0.727,negative
303,0.2,negative
10,0.927,negative
11,0.876,negative
121,0.664,negative
25,1,positive
24,1,positive
21,1,positive
22,1,positive
102,0.709,negative
11,0.802,negative
196,1,positive
90,0.882,negative
10,0.91,negative
1,1,positive
1,1,positive
98,0.768,negative
12,0.875,negative
199,0.508,positive
104,0.824,negative
84,0.623,negative
41,0.968,negative
137,0.652,negative
11,0.868,negative
159,1,positive
64,0.558,negative
21,0.933,negative
12,0.674,negative
199,1,positive
57,0.831,negative
52,0.911,negative
127,0.87,negative
96,0.836,negative
69,0.839,negative
5,0.817,negative
1,1,positive
231,0.882,positive
141,0.67,negative
12,0.841,negative
187,0.477,negative
11,0.818,negative
70,1,positive
14,1,positive
183,0.682,negative
151,0.941,negative
170,0.709,negative
156,0.71,negative
115,0.758,negative
1,1,positive
1,1,positive
87,0.764,negative
11,0.845,negative
26,0.596,negative
70,1,positive
9,1,positive
125,0.734,negative
57,0.91,negative
208,0.555,negative
47,0.991,negative
12,0.75,negative
65,0.662,negative
45,0.6,negative
131,1,positive
165,0.695,negative
168,0.723,negative
147,0.607,negative
12,0.818,negative
119,0.678,negative
62,0.565,positive
147,0.761,negative
193,0.683,negative
20,1,positive
87,1,positive
279,1,positive
16,1,positive
524,0.603,positive
4,0.929,negative
95,0.911,negative
41,0.801,negative
